id,first_name,last_name,email,gender,ip_address,city
1,Joseph,Zaniolini,jzaniolini0@simplemachines.org,Male,163.168.68.132,Pedro Leopoldo
2,Freida,Drillingcourt,fdrillingcourt1@umich.edu,Female,97.212.102.79,Buri
3,Nanni,Herity,nherity2@statcounter.com,Female,145.151.178.98,Claver
4,Orazio,Frayling,ofrayling3@economist.com,Male,25.199.143.143,Kungur
5,Julianne,Murrison,jmurrison4@cbslocal.com,Female,10.186.243.144,Sainte-Luce-sur-Loire
6,Lucy,Gamet,lgamet5@list-manage.com,Female,10.151.93.36,Pak Phli
7,Dyana,Howatt,dhowatt6@amazon.com,Female,224.169.61.29,Palmares
8,Kassey,Herion,kherion7@amazon.com,Female,245.51.154.79,Zákynthos
9,Chrissy,Hedworth,chedworth8@china.com.cn,Male,124.222.93.57,Boevange-sur-Attert
10,Hyatt,Gasquoine,hgasquoine9@google.ru,Male,221.155.106.39,Złoty Stok
11,Felicdad,Tarr,ftarra@shareasale.com,Female,145.203.98.173,Salamnunggal
12,Andrew,Bath,abathb@umn.edu,Male,64.36.30.186,El Hermel
13,Lucais,Chastang,lchastangc@goo.gl,Male,142.182.6.86,Tilburg
14,Car,Cerie,cceried@yale.edu,Male,203.204.69.107,Shofirkon
15,Alvera,Jepp,ajeppe@umich.edu,Female,202.150.229.139,New Sibonga
16,Prescott,Caldeiro,pcaldeirof@chronoengine.com,Male,29.81.197.109,Patzicía
17,Nariko,Clunie,nclunieg@utexas.edu,Female,237.85.98.58,Umuarama
18,Kalvin,Rois,kroish@unicef.org,Male,75.20.57.166,Marsh Harbour
19,Isa,Boycott,iboycotti@dailymail.co.uk,Female,48.82.184.239,Kalix
20,Benedetta,Glanert,bglanertj@timesonline.co.uk,Female,209.194.38.175,Tianxin
21,Poul,Caroli,pcarolik@cam.ac.uk,Male,176.134.222.111,Dingcheng
22,Virgie,Dran,vdranl@independent.co.uk,Male,87.224.43.109,Changpu
23,Gillie,Roantree,groantreem@nba.com,Female,240.133.255.198,Lirung
24,Tabor,Dawidowitsch,tdawidowitschn@free.fr,Male,102.236.160.230,Lamalera
25,Sarina,Choulerton,schoulertono@wisc.edu,Female,73.36.0.165,Íquira
26,Elbert,Seawell,eseawellp@live.com,Male,116.69.73.19,Vitória
27,Danita,Aldrin,daldrinq@wired.com,Female,98.171.121.136,Bringinanom
28,Jone,Dank,jdankr@miibeian.gov.cn,Male,188.201.52.190,Xiancun
29,Merralee,Lampel,mlampels@a8.net,Female,131.52.216.81,West Hartford
30,Charyl,Halstead,chalsteadt@amazon.de,Female,20.219.12.180,Las Vegas
31,Giuseppe,Karolowski,gkarolowskiu@narod.ru,Male,171.177.109.165,Mlangali
32,Sutherlan,Mundee,smundeev@nsw.gov.au,Male,68.91.169.230,Keluke
33,Alexander,Oldershaw,aoldershaww@so-net.ne.jp,Male,38.108.66.54,Capitán Bado
34,Blayne,Mattusevich,bmattusevichx@foxnews.com,Male,227.51.230.208,Vykhino-Zhulebino
35,Alfredo,Bohlens,abohlensy@nih.gov,Male,219.50.104.169,Lazaro Cardenas
36,Harman,Braidwood,hbraidwoodz@amazon.com,Male,100.123.214.249,Täby
37,Haslett,Sudron,hsudron10@nps.gov,Male,168.21.120.107,Oyabe
38,Jeanelle,VanBrugh,jvanbrugh11@cocolog-nifty.com,Female,59.112.24.10,Weifen
39,Hetty,Lightollers,hlightollers12@comsenz.com,Female,199.246.118.133,Château-Richer
40,Elmira,Goodhand,egoodhand13@tripadvisor.com,Female,83.5.248.21,Nytva
41,Granger,Lewerenz,glewerenz14@about.me,Male,126.53.131.38,Itambacuri
42,Tobie,Lewson,tlewson15@marriott.com,Male,111.144.164.250,Lushikeng
43,Knox,Sainteau,ksainteau16@ning.com,Male,169.28.54.18,Jiezi
44,Eliot,Vedekhov,evedekhov17@jiathis.com,Male,235.14.147.198,Stockholm
45,Honey,Crenshaw,hcrenshaw18@github.io,Female,200.207.16.70,Nanyue
46,Karmen,Soppitt,ksoppitt19@cdc.gov,Female,21.73.69.9,Anseong
47,Fairleigh,Sivess,fsivess1a@free.fr,Male,141.156.151.157,Vienna
48,Angelina,Stranio,astranio1b@latimes.com,Female,215.130.119.210,Chitral
49,Lilla,Erni,lerni1c@dailymotion.com,Female,244.94.188.95,Jiannan
50,Penn,Batson,pbatson1d@vimeo.com,Male,41.104.204.213,Caldas Novas
51,Salvidor,Cawthry,scawthry1e@youtu.be,Male,68.84.121.114,Habartov
52,Ker,Kellock,kkellock1f@japanpost.jp,Male,13.216.243.76,Guanlu
53,Lorne,Smouten,lsmouten1g@noaa.gov,Female,84.97.70.93,Nice
54,Elijah,Sore,esore1h@wikia.com,Male,189.118.42.113,La Romana
55,Paxton,Chsteney,pchsteney1i@msn.com,Male,123.81.121.141,Labin
56,Ernie,Eddies,eeddies1j@disqus.com,Male,60.57.254.84,Książ Wielkopolski
57,Deb,Endicott,dendicott1k@buzzfeed.com,Female,29.187.172.187,Gamagōri
58,Morna,Masse,mmasse1l@vkontakte.ru,Female,245.114.22.71,Itaparica
59,Gregorius,Drains,gdrains1m@samsung.com,Male,9.2.68.145,Medovene
60,Raynard,Teaz,rteaz1n@issuu.com,Male,220.0.194.145,Birātnagar
61,Harrietta,Northey,hnorthey1o@hostgator.com,Female,165.48.131.46,Columbus
62,Cariotta,Le Breton De La Vieuville,clebretondelavieuville1p@sfgate.com,Female,218.154.55.94,Guanqian
63,Lisetta,Allbones,lallbones1q@reddit.com,Female,240.28.254.181,Higetegera
64,Danielle,Jeduch,djeduch1r@ovh.net,Female,26.236.61.218,Dadiharja
65,Ingra,Andriolli,iandriolli1s@ucoz.com,Male,186.119.76.202,Dananshan
66,Ferdinand,Cruickshanks,fcruickshanks1t@lulu.com,Male,133.165.27.191,Saint Cloud
67,Salomi,Pinnock,spinnock1u@hc360.com,Female,20.234.128.32,Venda
68,Lurlene,Snazel,lsnazel1v@smh.com.au,Female,244.2.252.88,Hitiaa
69,Penni,Sells,psells1w@booking.com,Female,245.53.159.172,Asahi
70,Stormie,Dougal,sdougal1x@cbc.ca,Female,63.157.30.92,Woniuhe
71,Baily,Hallwell,bhallwell1y@usnews.com,Male,55.151.17.139,Taytayan
72,Kristofor,Recke,krecke1z@microsoft.com,Male,12.155.58.230,Lukavec
73,Cherey,Dorricott,cdorricott20@cbslocal.com,Female,198.238.41.228,Batabanó
74,Phillip,Bartolijn,pbartolijn21@biblegateway.com,Male,46.108.220.240,Huskvarna
75,Karil,Hefford,khefford22@t.co,Female,238.187.151.199,Příbor
76,Loise,Issacof,lissacof23@dagondesign.com,Female,141.102.16.185,Shangdongjie
77,Rickie,Laybourn,rlaybourn24@nasa.gov,Male,39.144.8.98,Nova Varoš
78,Orella,Giacomuzzo,ogiacomuzzo25@alibaba.com,Female,10.142.244.217,Uglich
79,Calli,D'orsay,cdorsay26@home.pl,Female,66.172.27.41,Fort Lauderdale
80,Harli,Fakeley,hfakeley27@blogger.com,Female,187.170.131.49,Tempaling
81,Edvard,Morilla,emorilla28@ycombinator.com,Male,18.246.230.179,Emiliano Zapata
82,Almira,Eastmead,aeastmead29@soundcloud.com,Female,171.92.72.40,Göteborg
83,Kort,Blooman,kblooman2a@imgur.com,Male,245.7.50.99,Oenaik
84,Sigmund,Sessions,ssessions2b@bizjournals.com,Male,218.191.236.117,Bordeaux
85,Winna,Dodshon,wdodshon2c@tinypic.com,Female,104.5.161.50,Casselman
86,Norton,Raiston,nraiston2d@nydailynews.com,Male,38.85.237.249,Rudnyy
87,Moss,Doche,mdoche2e@microsoft.com,Male,113.41.249.243,Egvekinot
88,Jeanna,Mazey,jmazey2f@naver.com,Female,71.33.138.94,Wolomoni
89,Kerrin,Rojahn,krojahn2g@delicious.com,Female,42.80.219.36,Sonder
90,Luca,Frazier,lfrazier2h@i2i.jp,Male,217.45.176.54,Safed
91,Faina,Jarville,fjarville2i@si.edu,Female,15.70.138.160,Limoges
92,Skelly,Cragg,scragg2j@naver.com,Male,58.82.80.21,Wang Saphung
93,Mike,Kennewell,mkennewell2k@virginia.edu,Male,66.171.238.162,Pinghu
94,Trever,Bradie,tbradie2l@merriam-webster.com,Male,34.247.7.142,Pryluky
95,Ferdinande,Drought,fdrought2m@goo.gl,Female,38.16.55.1,Pajé
96,Brenda,Guiel,bguiel2n@time.com,Female,203.120.94.122,Bilalang
97,Matthiew,Vanyukov,mvanyukov2o@discovery.com,Male,57.225.42.87,Nehe
98,Rosalie,Stribbling,rstribbling2p@wiley.com,Female,153.96.166.231,Chinameca
99,Flor,Giuron,fgiuron2q@storify.com,Female,223.47.130.90,Forssa
100,Ax,Bristowe,abristowe2r@live.com,Male,61.225.63.247,Francisco Beltrão
101,Guglielma,Magenny,gmagenny2s@flavors.me,Female,186.78.157.147,Otjimbingwe
102,Kyla,Crosse,kcrosse2t@bluehost.com,Female,120.253.177.94,Orissaare
103,Brittan,Bubb,bbubb2u@dailymail.co.uk,Female,105.193.213.100,Bech
104,Corri,Rubinowicz,crubinowicz2v@europa.eu,Female,211.112.231.38,Bhamdoûn el Mhatta
105,Korney,Prestidge,kprestidge2w@bing.com,Female,135.251.129.49,Gaobu
106,Paddie,Dary,pdary2x@redcross.org,Male,28.53.58.92,Xukou
107,Ase,Fibbens,afibbens2y@whitehouse.gov,Male,206.131.76.218,Örebro
108,Susi,Pawsey,spawsey2z@zimbio.com,Female,164.219.128.94,Couço
109,Jo,Walak,jwalak30@dedecms.com,Female,236.66.83.1,Dyurtyuli
110,Ardelia,Vasilyonok,avasilyonok31@blogspot.com,Female,122.49.55.191,Yege
111,Alis,Stammer,astammer32@vimeo.com,Female,27.139.204.173,Panggung
112,Al,Gravatt,agravatt33@1und1.de,Male,122.159.232.76,Rio Meão
113,Osborne,Fendlow,ofendlow34@tuttocitta.it,Male,233.92.178.182,Uzdin
114,Brook,Purvey,bpurvey35@dell.com,Female,132.148.245.215,Dahewan
115,Mag,Feechan,mfeechan36@last.fm,Female,120.208.15.245,Dijon
116,Luigi,Reaveley,lreaveley37@wp.com,Male,202.197.85.83,Loei
117,Tymon,Castro,tcastro38@gov.uk,Male,59.83.8.250,Utrecht
118,Minnaminnie,MacNair,mmacnair39@archive.org,Female,87.11.75.217,Desē
119,Hugues,MacFarlane,hmacfarlane3a@facebook.com,Male,185.39.40.240,Albuquerque
120,Fianna,Moizer,fmoizer3b@scientificamerican.com,Female,25.220.76.173,Esperanza
121,Morton,Derby,mderby3c@ask.com,Male,123.182.139.240,Sentani
122,Carita,Tomet,ctomet3d@timesonline.co.uk,Female,66.53.175.101,Ecroignard
123,Beulah,MacGowan,bmacgowan3e@squarespace.com,Female,76.220.38.70,Aquiraz
124,Etta,Riccardelli,ericcardelli3f@sciencedaily.com,Female,35.86.169.215,Yangyuan
125,Udall,Chevers,uchevers3g@surveymonkey.com,Male,173.151.137.127,Santa María del Real
126,Javier,Spitell,jspitell3h@wordpress.com,Male,102.218.85.174,Qinghua
127,Munmro,Snelling,msnelling3i@php.net,Male,165.120.45.84,Chinju
128,Carina,Moxon,cmoxon3j@usda.gov,Female,56.126.144.88,Wangjiang
129,Crissy,Murdie,cmurdie3k@biblegateway.com,Female,222.219.220.191,Santana do Livramento
130,Karrah,Danshin,kdanshin3l@linkedin.com,Female,87.33.117.4,Dizangué
131,Idalina,Hartup,ihartup3m@amazon.de,Female,163.148.108.83,Lyon
132,Denice,Cargon,dcargon3n@usda.gov,Female,163.199.140.236,Huai Mek
133,Courtnay,Tosh,ctosh3o@list-manage.com,Male,61.103.199.171,Yonago
134,Harp,Szymoni,hszymoni3p@angelfire.com,Male,203.168.199.52,Rosa Zarate
135,Franklin,Tregian,ftregian3q@shutterfly.com,Male,232.233.181.45,Rinconada
136,Celestyna,Jacquemy,cjacquemy3r@berkeley.edu,Female,227.98.162.186,Tangba
137,Silva,Pittham,spittham3s@ibm.com,Female,18.77.14.20,Rayevskiy
138,Kendra,Arnow,karnow3t@seesaa.net,Female,39.239.56.41,Lai Lai Bisi Kopan
139,Cordie,Monier,cmonier3u@harvard.edu,Female,88.168.111.250,Mekarsari
140,Tabbitha,Padbery,tpadbery3v@woothemes.com,Female,59.255.253.233,Cangchang
141,Haydon,Sheran,hsheran3w@spiegel.de,Male,144.228.58.140,Vsevolozhsk
142,Halli,Clempton,hclempton3x@google.co.uk,Female,158.166.191.11,Pamedaran
143,Gwenette,Helling,ghelling3y@discuz.net,Female,49.89.225.10,Santiago Atitlán
144,Ermina,Carff,ecarff3z@tinyurl.com,Female,172.50.40.26,Šabac
145,Tedd,Howler,thowler40@thetimes.co.uk,Male,60.102.22.137,Beiyuan
146,Wren,Janc,wjanc41@nhs.uk,Female,190.72.127.18,Ngampon
147,Anatola,Upsale,aupsale42@hc360.com,Female,20.144.225.200,Murici
148,Ken,Muirhead,kmuirhead43@hatena.ne.jp,Male,63.37.36.62,Sete Lagoas
149,Jerri,Bohje,jbohje44@livejournal.com,Male,108.147.35.164,Sanfang
150,Julie,Kopacek,jkopacek45@deviantart.com,Female,126.102.0.5,Borova
151,Ingelbert,Loveday,iloveday46@aboutads.info,Male,112.68.23.230,São Leopoldo
152,Elaina,Yanez,eyanez47@ft.com,Female,146.218.1.99,Barrī ash Sharqī
153,Uri,Aven,uaven48@fema.gov,Male,128.86.185.16,Wichit
154,Ally,Clausen-Thue,aclausenthue49@latimes.com,Female,187.65.40.149,Xinxiang
155,Ki,Clew,kclew4a@pagesperso-orange.fr,Female,147.209.17.246,Cristalina
156,Francesca,Cottham,fcottham4b@hc360.com,Female,147.137.122.252,Viga
157,Aida,Mundy,amundy4c@ftc.gov,Female,12.248.131.213,Liaodian
158,Aloin,Dimelow,adimelow4d@tamu.edu,Male,7.12.91.0,Bandjoun
159,Edgar,Raithbie,eraithbie4e@elegantthemes.com,Male,235.182.131.31,Bau
160,Thorvald,Gunstone,tgunstone4f@yahoo.co.jp,Male,148.136.238.100,Berat
161,Temp,Karet,tkaret4g@slideshare.net,Male,250.187.91.149,Baishui
162,Corinna,Naismith,cnaismith4h@privacy.gov.au,Female,75.78.185.215,Zgornje Pirniče
163,Cinnamon,Birchenhead,cbirchenhead4i@multiply.com,Female,234.89.1.155,Nyima
164,Tilda,Couser,tcouser4j@google.nl,Female,31.237.176.246,Mayingzhuang
165,Tildi,Kimbell,tkimbell4k@phoca.cz,Female,15.223.38.138,Bela Vista do Paraíso
166,Jeno,Marran,jmarran4l@harvard.edu,Male,194.220.226.188,Pocpo
167,Mariska,Noble,mnoble4m@mayoclinic.com,Female,0.111.136.34,Luxi
168,Rozelle,Northrop,rnorthrop4n@wikimedia.org,Female,86.238.26.49,Chajarí
169,Petey,Thompkins,pthompkins4o@shinystat.com,Male,227.60.166.151,Librazhd-Qendër
170,Alvie,Pyffe,apyffe4p@economist.com,Male,73.125.141.205,Villeta
171,Kev,MacKniely,kmackniely4q@dailymail.co.uk,Male,144.254.97.110,Candelaria
172,Matelda,Wycliffe,mwycliffe4r@squarespace.com,Female,167.147.234.88,Lurugan
173,Leoline,Flawith,lflawith4s@theglobeandmail.com,Female,80.161.40.207,Sumuranyar
174,Malachi,Fodden,mfodden4t@smugmug.com,Male,154.32.206.224,Shengli
175,Pierrette,Abramow,pabramow4u@github.io,Female,112.65.143.82,Pingshan
176,Lynn,Sames,lsames4v@slideshare.net,Male,155.216.183.177,Tarxien
177,Krisha,Jinkins,kjinkins4w@list-manage.com,Male,194.242.214.77,Odessa
178,Cassie,Bramich,cbramich4x@youku.com,Male,254.54.219.96,Guashe
179,Cynthia,MacTurlough,cmacturlough4y@zimbio.com,Female,113.131.18.92,Outjo
180,Care,Lademann,clademann4z@meetup.com,Male,48.109.141.160,Lyon
181,Torrey,Nye,tnye50@merriam-webster.com,Male,163.205.132.15,Ol Kalou
182,Conni,Higgan,chiggan51@deliciousdays.com,Female,27.37.172.124,Ambatondrazaka
183,Franky,Casarini,fcasarini52@jugem.jp,Male,61.104.43.130,Meikeng
184,Alva,Feechan,afeechan53@ftc.gov,Male,24.199.160.151,Priiskovyy
185,Gaby,Synder,gsynder54@eventbrite.com,Male,44.16.40.151,Balkanabat
186,Andy,Varley,avarley55@wikimedia.org,Female,152.252.64.126,Chechenglu
187,Ronda,Heavens,rheavens56@nifty.com,Female,142.133.134.72,Gelgaudiškis
188,Elwin,Hounsham,ehounsham57@intel.com,Male,109.129.250.250,Tinta
189,Faythe,Pither,fpither58@stumbleupon.com,Female,203.197.153.39,Zárate
190,Carling,Arkell,carkell59@java.com,Male,117.87.70.174,Huotian
191,Kurtis,Saddington,ksaddington5a@cloudflare.com,Male,236.232.152.19,Dobrošte
192,Dennison,Woolatt,dwoolatt5b@addthis.com,Male,189.16.13.93,Ciudad Barrios
193,Leda,Luchetti,lluchetti5c@posterous.com,Female,42.106.29.243,Kurikka
194,Britt,Vile,bvile5d@myspace.com,Male,122.214.119.113,Ciénaga de Oro
195,Gertrude,Iddison,giddison5e@youtube.com,Female,234.143.79.113,Gribanovskiy
196,Kathi,Kerne,kkerne5f@bigcartel.com,Female,80.58.158.31,Vila Verde
197,Caitlin,Zannutti,czannutti5g@behance.net,Female,229.43.64.104,Luodian
198,Sanson,Ramelot,sramelot5h@smugmug.com,Male,207.245.213.229,Mercedes
199,Krista,Cowoppe,kcowoppe5i@cam.ac.uk,Female,11.118.28.185,Xiugu
200,Laurella,Hotchkin,lhotchkin5j@google.co.uk,Female,148.210.240.171,Kashmor
201,Juliane,Koba,jkoba5k@hao123.com,Female,180.61.20.67,Quanyang
202,Tobe,Hamlyn,thamlyn5l@wikimedia.org,Female,5.202.34.4,Oleszyce
203,Neddie,Kwietek,nkwietek5m@edublogs.org,Male,183.80.63.200,Klichaw
204,Dav,Donet,ddonet5n@sciencedirect.com,Male,147.79.187.128,Cabinda
205,Amelia,Peggs,apeggs5o@huffingtonpost.com,Female,187.127.231.43,Yashikera
206,Robby,Heijnen,rheijnen5p@4shared.com,Female,67.244.110.49,Rosh Ha‘Ayin
207,Loria,Serrier,lserrier5q@hibu.com,Female,87.68.60.140,Tushi
208,Nan,Witch,nwitch5r@quantcast.com,Female,10.116.94.61,Grande Rivière Noire
209,Mauricio,Curr,mcurr5s@cyberchimps.com,Male,175.29.39.95,Satinka
210,Micheal,Whiteson,mwhiteson5t@cocolog-nifty.com,Male,78.18.193.69,Energetik
211,Denys,Esmonde,desmonde5u@addtoany.com,Female,134.171.231.179,Pantian
212,Sibilla,Stachini,sstachini5v@dyndns.org,Female,66.219.114.10,Rio Grande da Serra
213,Enrique,Roman,eroman5w@elegantthemes.com,Male,226.155.134.108,Gunungmalang Satu
214,Edyth,Macartney,emacartney5x@elegantthemes.com,Female,26.161.138.37,Preobrazheniye
215,Lisetta,Bigglestone,lbigglestone5y@mit.edu,Female,32.115.116.0,Baikouquan
216,Colin,Younghusband,cyounghusband5z@jiathis.com,Male,123.91.16.2,Bojong
217,Britni,Cottham,bcottham60@soundcloud.com,Female,54.243.80.13,Köln
218,Matias,Tudor,mtudor61@squarespace.com,Male,71.254.115.118,Čeladná
219,Carina,O' Ronan,coronan62@techcrunch.com,Female,114.82.73.15,Lianzhou
220,Albrecht,Airds,aairds63@drupal.org,Male,209.213.159.128,Palaiomonástiron
221,Randy,Sazio,rsazio64@zimbio.com,Female,7.28.169.35,Shuangxiqiao
222,Timmie,Scotti,tscotti65@hc360.com,Female,134.67.132.81,Banyuresmi
223,Gerik,Milligan,gmilligan66@ustream.tv,Male,142.157.153.130,San Isidro
224,Ardys,Diben,adiben67@ucoz.com,Female,251.238.123.72,Petit Valley
225,Ellery,Bruni,ebruni68@army.mil,Male,148.186.246.133,Prienai
226,Clarence,Blenkiron,cblenkiron69@com.com,Male,84.85.162.222,Phan Thong
227,Jackie,Jiruch,jjiruch6a@topsy.com,Male,206.140.145.145,Norrahammar
228,Melisent,Northwood,mnorthwood6b@mozilla.com,Female,72.52.196.40,Guilmaro
229,Jeffy,Dalliston,jdalliston6c@tinyurl.com,Male,205.104.32.164,Campamento
230,Joanne,Lyburn,jlyburn6d@networkadvertising.org,Female,31.91.254.237,Guitang
231,Yulma,Castagneri,ycastagneri6e@discovery.com,Male,25.83.169.104,Irecê
232,Marielle,Chrystal,mchrystal6f@blogs.com,Female,195.131.48.31,Paragominas
233,Haskell,Klimshuk,hklimshuk6g@weather.com,Male,46.170.163.107,Dłutów
234,Cob,Mardall,cmardall6h@photobucket.com,Male,196.121.158.67,Viljoenskroon
235,Shep,Voyce,svoyce6i@linkedin.com,Male,253.119.174.230,Kumanis
236,Geno,Crayden,gcrayden6j@1und1.de,Male,185.131.197.241,København
237,Friedrich,Giblin,fgiblin6k@vk.com,Male,121.157.210.85,Santa Fe
238,Desmund,Belamy,dbelamy6l@amazon.co.jp,Male,225.134.142.182,Oefau
239,Rafe,Wratten,rwratten6m@seattletimes.com,Male,34.104.18.249,Ncue
240,Flo,Sorrie,fsorrie6n@nationalgeographic.com,Female,92.239.41.42,Rachanie
241,Elvina,Dulwitch,edulwitch6o@sourceforge.net,Female,209.9.197.182,Gilowice
242,Dell,Rafe,drafe6p@issuu.com,Male,217.9.123.178,Espírito Santo do Pinhal
243,Diena,Jahan,djahan6q@salon.com,Female,14.136.254.55,Kotakan Selatan
244,Gino,Skuce,gskuce6r@yale.edu,Male,14.73.136.196,Dingle
245,Heath,Eastmond,heastmond6s@geocities.jp,Female,97.228.113.200,Akhaltsikhe
246,Meg,McKirdy,mmckirdy6t@drupal.org,Female,236.162.213.87,Shuitou
247,Hastie,Hadley,hhadley6u@yelp.com,Male,247.243.188.92,RMI Capitol
248,Westleigh,Willetts,wwilletts6v@nhs.uk,Male,254.201.29.160,Berthierville
249,Lee,Bagnal,lbagnal6w@yahoo.co.jp,Female,149.85.96.127,Psygansu
250,Hildegaard,Fairey,hfairey6x@biglobe.ne.jp,Female,163.32.149.210,Thanatpin
251,Easter,Hamshere,ehamshere6y@freewebs.com,Female,79.63.202.214,Dalgān
252,Elton,Tows,etows6z@quantcast.com,Male,247.144.178.132,Yamkino
253,Verile,Gunning,vgunning70@infoseek.co.jp,Female,167.199.48.8,Barmash
254,Brandtr,Margeram,bmargeram71@php.net,Male,92.148.45.135,Nasilava
255,Ozzie,Zecchii,ozecchii72@sfgate.com,Male,106.126.179.46,Ruy Barbosa
256,Daniella,Jindra,djindra73@jigsy.com,Female,177.36.251.227,Yelets
257,Shoshanna,Stollsteimer,sstollsteimer74@mysql.com,Female,59.129.39.60,Az Zuwaytīnah
258,Benton,Jahnig,bjahnig75@bigcartel.com,Male,6.102.2.246,Avdzaga
259,Noel,Selliman,nselliman76@istockphoto.com,Male,116.13.38.101,Žirovnice
260,Clarke,Tidcomb,ctidcomb77@linkedin.com,Male,12.36.43.63,Budayuan
261,Brigitta,Haquin,bhaquin78@cdbaby.com,Female,240.150.196.238,Huangjinjing
262,Claribel,Dosedale,cdosedale79@barnesandnoble.com,Female,246.254.4.138,Dasol
263,Gallard,Wanden,gwanden7a@purevolume.com,Male,166.154.144.52,Wartburg
264,Marleah,Shevlan,mshevlan7b@surveymonkey.com,Female,251.253.123.90,Semey
265,Saundra,Butterfint,sbutterfint7c@redcross.org,Male,34.0.120.48,Sincelejo
266,Opalina,Bleier,obleier7d@posterous.com,Female,29.181.64.189,Monte Carmelo
267,Shaughn,Antoniades,santoniades7e@salon.com,Male,81.81.69.245,Lumphăt
268,Kathleen,Treswell,ktreswell7f@kickstarter.com,Female,60.7.118.238,Binlod
269,Mufinella,Santo,msanto7g@paypal.com,Female,152.225.165.64,Pavlodar
270,Marlin,Wheeliker,mwheeliker7h@dedecms.com,Male,254.47.9.106,Nîmes
271,Aldon,Wozencraft,awozencraft7i@meetup.com,Male,247.123.79.200,Liangdang Chengguanzhen
272,Beaufort,Petrello,bpetrello7j@latimes.com,Male,218.17.92.56,Diadi
273,Marmaduke,O'Malley,momalley7k@adobe.com,Male,98.67.111.52,Zapolyarnyy
274,Kathryn,MacManus,kmacmanus7l@hc360.com,Female,240.234.35.68,Anabar
275,Eve,Clother,eclother7m@bigcartel.com,Female,42.141.113.243,Milín
276,Obediah,Janus,ojanus7n@imageshack.us,Male,179.170.164.93,Pontinha
277,Emmy,Negri,enegri7o@merriam-webster.com,Male,105.235.29.160,Karangori
278,Mill,Wesson,mwesson7p@bizjournals.com,Male,53.112.190.129,Nōgata
279,Tiertza,Bullivent,tbullivent7q@dyndns.org,Female,131.45.227.60,Mehrābpur
280,Berne,Scrivener,bscrivener7r@mtv.com,Male,14.171.136.28,Weichanglu
281,Rozella,Shirlaw,rshirlaw7s@ask.com,Female,102.88.226.237,Manique de Baixo
282,Emmit,Cruttenden,ecruttenden7t@skyrock.com,Male,223.173.130.230,Guanshui
283,Iseabal,Terron,iterron7u@spiegel.de,Female,238.112.13.39,Krasiczyn
284,Michele,Garritley,mgarritley7v@nyu.edu,Female,146.115.120.2,Morcellemont Saint André
285,Theodoric,Deave,tdeave7w@exblog.jp,Male,154.19.56.42,Ugljan
286,Sibilla,Alesi,salesi7x@chron.com,Female,54.24.9.225,Xingou
287,Erick,Austick,eaustick7y@kickstarter.com,Male,249.246.133.232,Longvic
288,Hercules,Dowall,hdowall7z@example.com,Male,95.224.172.15,Talisayan
289,Ellene,Glisane,eglisane80@nyu.edu,Female,199.110.252.148,Palue
290,Bren,Marchenko,bmarchenko81@twitpic.com,Male,118.101.28.108,Songculan
291,Oralee,Letchmore,oletchmore82@indiatimes.com,Female,101.50.142.2,Mayenne
292,Hamilton,Horsley,hhorsley83@forbes.com,Male,159.74.111.25,Namur
293,Fanya,Gartan,fgartan84@si.edu,Female,153.208.82.105,Vancouver
294,Godfrey,Cattrell,gcattrell85@state.gov,Male,13.184.11.7,Abdurahmoni Jomí
295,Vania,Sinnott,vsinnott86@constantcontact.com,Female,255.197.190.77,Qiaolin
296,Osmond,Reichert,oreichert87@etsy.com,Male,116.212.149.203,Jixin
297,Colline,Meadowcroft,cmeadowcroft88@ihg.com,Female,242.3.203.109,Capalonga
298,Marybelle,Neathway,mneathway89@topsy.com,Female,116.124.132.29,Kaduluhur
299,Laetitia,Sidry,lsidry8a@livejournal.com,Female,40.242.52.39,Villa General Belgrano
300,Gasparo,Burr,gburr8b@apple.com,Male,188.118.237.96,Emiliano Zapata
301,Darin,Gitting,dgitting8c@delicious.com,Male,144.239.113.244,Jinpanling
302,Lotti,Linnock,llinnock8d@tripod.com,Female,134.251.34.59,Binkolo
303,Lilly,Annear,lannear8e@uiuc.edu,Female,220.213.130.67,Savonlinna
304,Freda,Winslade,fwinslade8f@angelfire.com,Female,185.228.131.81,Tayum
305,Stavros,McGeady,smcgeady8g@disqus.com,Male,135.200.148.69,Aketi
306,Marje,Fordyce,mfordyce8h@deliciousdays.com,Female,78.253.229.61,Rinbung
307,Willard,Widdall,wwiddall8i@dyndns.org,Male,189.158.78.106,Bagnères-de-Bigorre
308,Meridel,Ledford,mledford8j@taobao.com,Female,5.228.2.228,Doong
309,Catrina,Whiskerd,cwhiskerd8k@fema.gov,Female,25.106.94.89,Halimaung Jaya (F-3)
310,Chucho,Lewton,clewton8l@geocities.com,Male,67.63.87.83,Asadābād
311,Rakel,Fitzsymons,rfitzsymons8m@addthis.com,Female,43.238.97.33,Gaoleshan
312,Caye,Canton,ccanton8n@unicef.org,Female,48.65.103.178,Verkhnyaya Belka
313,Clari,Thowless,cthowless8o@uiuc.edu,Female,147.78.179.122,Suḩayl Shibām
314,Thia,Vasyanin,tvasyanin8p@issuu.com,Female,10.4.154.83,San Francisco
315,Laird,Insoll,linsoll8q@wsj.com,Male,27.89.133.102,Torbay
316,Jany,Holbie,jholbie8r@twitter.com,Female,162.154.130.96,Santa Clara
317,Adlai,Harm,aharm8s@ucsd.edu,Male,71.41.127.8,Francisco I Madero
318,Doy,Riccetti,driccetti8t@pinterest.com,Male,146.94.172.211,Mengdadazhuang
319,Elvera,Bowdrey,ebowdrey8u@alexa.com,Female,139.75.140.171,Uruçuca
320,Kalli,Critcher,kcritcher8v@feedburner.com,Female,37.3.6.7,Xinbao
321,Carny,Growden,cgrowden8w@wikia.com,Male,234.207.132.85,Obiliq
322,Brook,Caff,bcaff8x@army.mil,Female,62.195.181.235,Xue’an
323,Frankie,Warburton,fwarburton8y@who.int,Female,252.8.235.114,Tanghu
324,Mahmud,Ferby,mferby8z@amazonaws.com,Male,62.47.235.96,Odolanów
325,Tamas,MacPaik,tmacpaik90@archive.org,Male,239.120.30.249,Bashan
326,Tulley,Twiggs,ttwiggs91@123-reg.co.uk,Male,46.213.53.42,Cergy-Pontoise
327,Tony,Venny,tvenny92@alibaba.com,Male,157.244.169.162,Dabaozi
328,Dwain,Verrick,dverrick93@goodreads.com,Male,59.133.131.217,Avellaneda
329,Adaline,Gligoraci,agligoraci94@harvard.edu,Female,78.178.234.9,Megion
330,Bronny,Innman,binnman95@go.com,Male,117.21.81.90,An Châu
331,Sydel,Sherland,ssherland96@de.vu,Female,45.27.130.2,Santana do Paraíso
332,Nelie,Barnard,nbarnard97@nsw.gov.au,Female,192.133.199.243,Citeguh
333,Keary,Jamary,kjamary98@disqus.com,Male,146.49.194.187,Mae Ramat
334,Elwood,Mingardi,emingardi99@blogtalkradio.com,Male,11.133.106.229,Lodan Wetan
335,Ellwood,Meegan,emeegan9a@virginia.edu,Male,253.126.81.111,Blama
336,Berry,Gribbins,bgribbins9b@odnoklassniki.ru,Female,231.15.254.178,Lukunor
337,Alys,Gerge,agerge9c@cdc.gov,Female,63.30.64.147,Grujugan
338,Mufinella,Harcus,mharcus9d@zimbio.com,Female,231.124.67.65,Polyarnyye Zori
339,Nap,Messiter,nmessiter9e@linkedin.com,Male,43.153.143.109,Fundong
340,Hy,Drewry,hdrewry9f@tuttocitta.it,Male,190.211.156.71,Fernandópolis
341,Maressa,Andras,mandras9g@yellowbook.com,Female,241.59.42.178,Mapusagafou
342,Gayla,Hebbes,ghebbes9h@gnu.org,Female,15.19.142.22,Abomsa
343,Stephenie,Hurt,shurt9i@goo.gl,Female,215.144.121.249,Zharkent
344,Sergei,Blumson,sblumson9j@yelp.com,Male,98.24.92.125,Daping
345,Berke,Fashion,bfashion9k@ning.com,Male,148.254.8.121,Eixo
346,Gal,Bestiman,gbestiman9l@timesonline.co.uk,Male,50.115.52.87,Morazán
347,Rosalind,Macieja,rmacieja9m@cdc.gov,Female,193.114.128.156,Cuispes
348,Roderick,Hush,rhush9n@nymag.com,Male,118.50.21.212,Tianhe
349,Libbie,Gabbotts,lgabbotts9o@unicef.org,Female,172.216.241.143,Tilburg
350,Pippy,Thickins,pthickins9p@facebook.com,Female,188.249.136.202,Benisheikh
351,Manny,Denny,mdenny9q@yandex.ru,Male,185.239.194.99,Kae Dam
352,Florie,Cuthbertson,fcuthbertson9r@narod.ru,Female,10.181.155.228,Goiás
353,Simone,McMychem,smcmychem9s@ow.ly,Female,185.172.219.152,Sieradza
354,Lyn,Chivers,lchivers9t@cpanel.net,Female,27.201.177.8,Ash Shaddādah
355,Devlin,Woodhouse,dwoodhouse9u@163.com,Male,36.53.87.177,Turirejo
356,Dulcie,Dower,ddower9v@engadget.com,Female,45.70.201.155,Milaor
357,Aaron,Baker,abaker9w@spiegel.de,Male,218.209.50.211,Bandarbeyla
358,Benedikta,O'Crevan,bocrevan9x@cam.ac.uk,Female,71.21.249.153,Kālīganj
359,Saudra,McGrill,smcgrill9y@ocn.ne.jp,Female,255.236.14.201,Pombas
360,Meggy,Birbeck,mbirbeck9z@e-recht24.de,Female,108.171.254.153,Donnycarney
361,Link,McGuinness,lmcguinnessa0@facebook.com,Male,111.4.194.175,Semiletka
362,Bertha,Vondrach,bvondracha1@xrea.com,Female,14.142.215.166,Can-Avid
363,Nert,Finby,nfinbya2@cyberchimps.com,Female,227.164.229.225,Cruz Alta
364,Fairleigh,Brunt,fbrunta3@earthlink.net,Male,146.88.97.255,Shipaidong
365,Genni,Cabrales,gcabralesa4@netlog.com,Female,140.23.52.92,Dębno
366,Rosella,Kenney,rkenneya5@mapquest.com,Female,57.20.98.134,Bordeaux
367,Rodrique,Elderbrant,relderbranta6@geocities.com,Male,227.86.173.77,Qinghe
368,Moise,Kaspar,mkaspara7@eventbrite.com,Male,177.156.183.172,Vyatskiye Polyany
369,Betteann,Mayall,bmayalla8@bluehost.com,Female,39.148.32.41,Nanton
370,Colleen,Ikringill,cikringilla9@angelfire.com,Female,107.234.122.63,Canto
371,Eleni,Yakushkev,eyakushkevaa@instagram.com,Female,237.24.104.10,Cukangpanjang
372,Carolus,Sainz,csainzab@wordpress.org,Male,16.29.210.252,N'Djamena
373,Towney,Slimme,tslimmeac@wp.com,Male,228.145.79.133,Kthella e Epërme
374,Fifine,Petto,fpettoad@auda.org.au,Female,2.37.210.172,Kunheda Woerzu Manzu
375,Ernesto,Schlag,eschlagae@blogs.com,Male,51.41.191.108,Laï
376,Rorke,Coot,rcootaf@elegantthemes.com,Male,121.103.231.105,Barbosa
377,Courtney,Terry,cterryag@list-manage.com,Female,88.139.79.154,Mthatha
378,Delinda,Jirka,djirkaah@people.com.cn,Female,115.156.134.48,Omboué
379,Kipp,Grigoletti,kgrigolettiai@goo.gl,Male,250.76.168.248,Girihieum
380,Bailey,Colbeck,bcolbeckaj@plala.or.jp,Male,124.113.134.23,Da’an
381,Wilburt,Gopsall,wgopsallak@bing.com,Male,41.247.226.52,Kolonnawa
382,Venita,Bainbridge,vbainbridgeal@skyrock.com,Female,48.37.214.169,Dessalines
383,Lelia,Collingworth,lcollingwortham@mashable.com,Female,128.238.213.118,El Quetzal
384,Kate,Cusworth,kcusworthan@ameblo.jp,Female,220.228.86.194,Hostivice
385,Lenore,Domenicone,ldomeniconeao@mail.ru,Female,74.117.219.172,Jaworze
386,Fidole,Drillingcourt,fdrillingcourtap@toplist.cz,Male,69.118.58.76,Daejeon
387,Kariotta,Diloway,kdilowayaq@cdbaby.com,Female,103.83.133.80,Macabugos
388,Camila,Beveredge,cbeveredgear@netvibes.com,Female,113.174.189.152,Pingshan
389,Myrwyn,Marcham,mmarchamas@cafepress.com,Male,144.221.172.213,Muroto-misakicho
390,Stephi,Miskimmon,smiskimmonat@vimeo.com,Female,158.67.131.220,Arrap’i
391,Averill,Sciusscietto,asciussciettoau@qq.com,Male,255.224.28.240,Sumbuya
392,Caleb,Satch,csatchav@microsoft.com,Male,212.238.107.121,Schengen
393,Curt,Rowlands,crowlandsaw@prweb.com,Male,239.230.92.227,Pulau Pinang
394,Randie,McKennan,rmckennanax@spotify.com,Male,170.143.185.82,Sanqu
395,Jacenta,Follacaro,jfollacaroay@shop-pro.jp,Female,198.87.39.196,Kyaikkami
396,Danie,Baddam,dbaddamaz@wp.com,Male,139.156.47.130,Rosario de Lerma
397,Lucius,Rankmore,lrankmoreb0@reddit.com,Male,99.68.158.111,Sunchales
398,Teddie,Iglesia,tiglesiab1@ft.com,Female,195.185.45.3,Miatli
399,Chaunce,Boyse,cboyseb2@vk.com,Male,64.216.183.240,Pantukan
400,Gerrie,Cronkshaw,gcronkshawb3@dailymail.co.uk,Male,43.18.5.43,Shanshu
401,Alexandra,Ortsmann,aortsmannb4@skype.com,Female,241.240.48.219,Lühua
402,Jillian,Larrett,jlarrettb5@twitpic.com,Female,22.251.77.60,Tála
403,Jens,Shewan,jshewanb6@scribd.com,Male,183.22.220.250,Donggou
404,Lloyd,Staunton,lstauntonb7@hhs.gov,Male,112.154.115.149,Casal Novo
405,York,Tockell,ytockellb8@moonfruit.com,Male,193.255.184.166,Andrushivka
406,Gardiner,Watterson,gwattersonb9@simplemachines.org,Male,253.132.155.148,Hane
407,Ernesto,Doughartie,edoughartieba@reverbnation.com,Male,167.27.44.131,Xishiqiao
408,Lanni,Nice,lnicebb@nydailynews.com,Female,63.51.171.246,Wutongkou
409,Jeannie,Slane,jslanebc@youku.com,Female,148.37.251.23,Al Marj
410,Obediah,Akers,oakersbd@macromedia.com,Male,110.177.142.101,Khoa
411,Minnnie,Tomkinson,mtomkinsonbe@harvard.edu,Female,203.185.227.183,Starotitarovskaya
412,Salomone,Arsey,sarseybf@newyorker.com,Male,36.145.122.195,Gorobinci
413,Vernen,Linnock,vlinnockbg@ftc.gov,Male,11.185.95.5,Dusun Tengah Cihaurbeuti
414,Ignatius,Fleeman,ifleemanbh@netvibes.com,Male,251.200.174.252,Qiting
415,Orton,Motte,omottebi@de.vu,Male,49.129.201.89,Trasak
416,Ferdinande,Vasenkov,fvasenkovbj@blogger.com,Female,51.198.206.77,Ratchasan
417,Sayer,Derks,sderksbk@netvibes.com,Male,211.137.204.125,Tayang
418,Joycelin,MacCallion,jmaccallionbl@abc.net.au,Female,64.248.194.84,Baixi
419,Marice,Armin,marminbm@ucla.edu,Female,72.168.195.235,Agrela
420,Misti,Feaveer,mfeaveerbn@chron.com,Female,200.121.205.130,Pital
421,Myles,Gordge,mgordgebo@marriott.com,Male,182.56.56.30,Végueta
422,Anissa,Trowler,atrowlerbp@dailymotion.com,Female,115.198.118.219,Kuching
423,Willi,Human,whumanbq@earthlink.net,Female,8.110.59.216,Guaitarilla
424,Branden,Muglestone,bmuglestonebr@icio.us,Male,244.134.165.102,Xilanqi
425,Saxe,Hegdonne,shegdonnebs@wufoo.com,Male,82.60.153.78,Wichit
426,Therine,Kelsell,tkelsellbt@google.cn,Female,196.245.107.52,Cawayan
427,Pietrek,Athersmith,pathersmithbu@theglobeandmail.com,Male,226.27.53.165,Chichigalpa
428,Humberto,Bengtsen,hbengtsenbv@cbslocal.com,Male,220.133.43.50,Malveira
429,Lilli,De Bruijne,ldebruijnebw@mediafire.com,Female,13.187.218.126,Tawangrejo
430,Lizette,MacCard,lmaccardbx@weibo.com,Female,210.229.231.8,Cerca la Source
431,Edwina,Colleer,ecolleerby@comcast.net,Female,60.158.242.97,Yezhu
432,Channa,Kuhnhardt,ckuhnhardtbz@google.ru,Female,83.176.56.161,San Cristobal
433,Melva,Walbrook,mwalbrookc0@ning.com,Female,60.15.108.78,Vin’kivtsi
434,Carlie,Belone,cbelonec1@nhs.uk,Female,194.117.147.59,Yichun
435,Christiano,Bru,cbruc2@abc.net.au,Male,206.48.249.23,Bicas
436,Mary,Reven,mrevenc3@technorati.com,Female,130.82.252.73,Faqqū‘ah
437,Sib,Chavey,schaveyc4@deviantart.com,Female,67.17.36.69,Kotlovka
438,Aurlie,Mossop,amossopc5@cnn.com,Female,41.23.163.63,Sioah
439,Antonina,Evershed,aevershedc6@scientificamerican.com,Female,153.9.86.247,Tubajon
440,Ajay,Orth,aorthc7@apache.org,Female,28.99.81.176,Calachuchi
441,Ollie,Codlin,ocodlinc8@npr.org,Male,75.34.211.152,Pingtang
442,Boycey,Chanter,bchanterc9@youtube.com,Male,111.54.219.187,Thị Trấn Ngan Dừa
443,Flory,Coch,fcochca@cocolog-nifty.com,Male,233.29.165.10,San Pedro Ayampuc
444,Donavon,Lackeye,dlackeyecb@creativecommons.org,Male,113.226.184.17,Praia da Tocha
445,Vivyan,Staley,vstaleycc@drupal.org,Female,202.170.31.194,Cibaregbeg
446,Robinetta,Perse,rpersecd@booking.com,Female,15.71.127.137,San Cristobal
447,Lisbeth,Huetson,lhuetsonce@shutterfly.com,Female,87.61.0.218,Medveđa
448,Sidonnie,Ianelli,sianellicf@edublogs.org,Female,105.14.138.208,Luopioinen
449,Yetty,Creebo,ycreebocg@boston.com,Female,175.171.148.237,Bachok
450,Reuven,Surgeon,rsurgeonch@so-net.ne.jp,Male,84.213.210.73,Ínfias
451,Tommi,Gooda,tgoodaci@google.com.au,Female,83.251.178.155,Zoushi
452,Mac,Edelston,medelstoncj@uol.com.br,Male,117.196.189.30,Jednorożec
453,Lavinia,Englefield,lenglefieldck@google.com.au,Female,167.183.182.247,Žamberk
454,Randall,Balser,rbalsercl@yelp.com,Male,85.80.63.75,Bronnitsy
455,Griffy,Anand,ganandcm@fema.gov,Male,48.186.193.234,Masebewa
456,Penni,Sharpley,psharpleycn@indiegogo.com,Female,123.181.124.217,Cawayan Bugtong
457,Torr,Briggdale,tbriggdaleco@last.fm,Male,82.195.224.8,Krajan Kerjo
458,Sauveur,Povele,spovelecp@taobao.com,Male,52.191.202.161,Nangalisan
459,Bea,Vallerine,bvallerinecq@devhub.com,Female,59.149.247.149,Feyẕābād
460,Holt,Strippling,hstripplingcr@phpbb.com,Male,58.13.250.53,Serere
461,Dell,Blewitt,dblewittcs@tinyurl.com,Female,30.229.231.119,Shangju
462,Anett,Bertrand,abertrandct@oakley.com,Female,185.192.19.72,Okazaki
463,Alford,Rowbottom,arowbottomcu@twitpic.com,Male,80.192.194.5,Kista
464,Merralee,Fidelli,mfidellicv@salon.com,Female,80.193.201.110,Tovačov
465,Fidole,Hove,fhovecw@simplemachines.org,Male,74.89.111.90,Komyshnya
466,Eldredge,Corbally,ecorballycx@census.gov,Male,178.145.90.1,Reszel
467,Carlin,Mc Combe,cmccombecy@taobao.com,Female,37.21.70.69,Châtellerault
468,Penelope,Rehme,prehmecz@seesaa.net,Female,145.58.68.21,Habana del Este
469,Susann,Sciusscietto,ssciussciettod0@topsy.com,Female,117.204.19.108,Dayangqi
470,Zorah,MacMenemy,zmacmenemyd1@seattletimes.com,Female,207.96.93.51,Olival Basto
471,Andrew,Label,alabeld2@w3.org,Male,210.178.149.145,Playas
472,Claudina,Scogin,cscogind3@upenn.edu,Female,159.158.0.243,Zuénoula
473,Skippie,Obern,sobernd4@eventbrite.com,Male,196.57.252.103,Chaoyang
474,Pandora,Gadie,pgadied5@prnewswire.com,Female,180.120.134.245,Liushi
475,Evy,Hoyer,ehoyerd6@booking.com,Female,182.190.113.32,Kon Tum
476,Dinny,Avo,davod7@lulu.com,Female,192.49.20.253,Wilkowice
477,Elyn,Giraldo,egiraldod8@wired.com,Female,211.43.21.48,Chervonoarmiys’k
478,Brewer,Lowdwell,blowdwelld9@weibo.com,Male,78.161.236.46,Lanas
479,Fanya,Backshall,fbackshallda@constantcontact.com,Female,129.106.54.47,Kapchorwa
480,Brockie,Rioch,briochdb@pagesperso-orange.fr,Male,249.58.60.21,Małkinia Górna
481,Wyatt,Ribbens,wribbensdc@house.gov,Male,129.49.135.119,Trebisht-Muçinë
482,Annette,Griffin,agriffindd@geocities.com,Female,255.210.140.72,Bolorejo
483,Dorothy,Barnard,dbarnardde@uol.com.br,Female,156.172.174.215,Olszyna
484,Lexis,Drillingcourt,ldrillingcourtdf@springer.com,Female,253.222.144.185,Phú Thái
485,Rhodia,Bainton,rbaintondg@wix.com,Female,240.54.111.63,Oslo
486,Eli,Hammerson,ehammersondh@clickbank.net,Male,14.69.149.51,Dzerzhinsk
487,Danella,Hancox,dhancoxdi@ucoz.ru,Female,207.195.67.73,Khisarya
488,Jody,Hounsom,jhounsomdj@squarespace.com,Male,225.55.64.168,Falun
489,Bradan,Crain,bcraindk@lulu.com,Male,87.95.167.62,Curumaní
490,Asher,Roycroft,aroycroftdl@blog.com,Male,108.1.14.165,Oslo
491,Gaylor,Southcott,gsouthcottdm@tmall.com,Male,190.60.6.68,Shuangquan
492,Bondy,Josefer,bjoseferdn@paypal.com,Male,229.145.79.15,Cartagena
493,Darelle,Parkey,dparkeydo@lycos.com,Female,48.188.77.239,Purwosari
494,Nikos,O'Lyhane,nolyhanedp@wunderground.com,Male,18.149.108.252,Pryamitsyno
495,Glenn,Gellion,ggelliondq@amazon.de,Female,119.42.217.40,Örebro
496,Laryssa,Foucher,lfoucherdr@istockphoto.com,Female,52.186.189.20,Baihe
497,Lewes,Bonome,lbonomeds@wikispaces.com,Male,189.163.202.193,Ribas do Rio Pardo
498,Taber,Critchley,tcritchleydt@cbsnews.com,Male,121.195.184.129,Sterlitamak
499,Julie,Tomaselli,jtomasellidu@free.fr,Male,151.109.168.39,Köln
500,Jacqueline,Bourgourd,jbourgourddv@skyrock.com,Female,191.170.211.104,Berezna
501,Ambur,Holdey,aholdeydw@xinhuanet.com,Female,236.209.51.231,Sawaengha
502,Sabine,Lyosik,slyosikdx@360.cn,Female,161.232.137.136,Bayt ‘Īnūn
503,Gladys,Bandt,gbandtdy@ocn.ne.jp,Female,158.14.30.142,Hunkuyi
504,Paten,Vasyukhichev,pvasyukhichevdz@illinois.edu,Male,175.216.192.130,Nandong
505,Hunter,Creggan,hcreggane0@amazon.co.uk,Male,208.173.52.40,Albuera
506,Robert,Dodridge,rdodridgee1@github.io,Male,254.126.160.55,San Vicente
507,Cash,Dunklee,cdunkleee2@webs.com,Male,42.168.48.95,Kannabechō-yahiro
508,Thurstan,Broomhall,tbroomhalle3@loc.gov,Male,202.24.156.150,Baraya
509,Garald,Hackin,ghackine4@comsenz.com,Male,226.232.246.39,Criciúma
510,Novelia,Dureden,nduredene5@comsenz.com,Female,102.122.213.234,Oberá
511,Cathlene,Elgood,celgoode6@shutterfly.com,Female,66.37.238.247,Cibiru
512,Tyler,Latore,tlatoree7@home.pl,Male,41.215.92.170,Gorskaya
513,Filbert,Bulloch,fbulloche8@hhs.gov,Male,72.24.112.117,La Tinguiña
514,Katherine,Dand,kdande9@sphinn.com,Female,108.101.48.128,Auch
515,Ferdy,Richold,fricholdea@privacy.gov.au,Male,113.230.18.33,Eldoret
516,Warner,Almond,walmondeb@hud.gov,Male,250.114.209.0,Arboga
517,Lorrie,Elcomb,lelcombec@amazon.co.jp,Male,45.180.103.48,Porteirinha
518,Granville,Garnsworth,ggarnsworthed@google.es,Male,49.219.161.80,Huancabamba
519,Tye,Labon,tlabonee@cyberchimps.com,Male,7.143.63.56,Skolkovo
520,Raoul,Comelli,rcomellief@bravesites.com,Male,163.51.80.68,Madīnat ‘Īsá
521,Candida,Jikylls,cjikyllseg@xinhuanet.com,Female,177.46.130.45,Matadi
522,Noni,Whoston,nwhostoneh@jigsy.com,Female,11.182.33.119,Columbia
523,Laurent,Althorp,lalthorpei@marriott.com,Male,93.246.70.133,Sarandi
524,Dwight,Messenger,dmessengerej@meetup.com,Male,61.48.47.81,Almolonga
525,Vinny,Riddell,vriddellek@nhs.uk,Male,235.41.30.163,Ungaran
526,Wendie,Shaplin,wshaplinel@phoca.cz,Female,219.103.28.113,Puro
527,Shurwood,Sisneros,ssisnerosem@cnbc.com,Male,208.151.194.106,Pamatang
528,Brenda,Rogliero,broglieroen@ebay.co.uk,Female,8.103.136.58,Budapest
529,Alyce,Scotter,ascottereo@ifeng.com,Female,245.246.169.182,Daga
530,Clare,Swainson,cswainsonep@yahoo.com,Male,240.176.141.192,Combita
531,Lurleen,Kerswill,lkerswilleq@redcross.org,Female,3.77.74.156,Himeji
532,Woodman,Hadny,whadnyer@seesaa.net,Male,167.37.97.138,Suci Kaler
533,Gerianne,Tryhorn,gtryhornes@bbc.co.uk,Female,233.165.24.161,Shihua
534,Avigdor,Stadden,astaddenet@youtu.be,Male,2.162.98.165,Beit Jann
535,Dennet,Plessing,dplessingeu@gnu.org,Male,109.132.124.252,Frederiksberg
536,Tabbie,Farge,tfargeev@icio.us,Female,56.152.235.191,Terang
537,Cristionna,MacBain,cmacbainew@phpbb.com,Female,221.165.111.121,Waco
538,Leonie,Brocket,lbrocketex@barnesandnoble.com,Female,107.206.75.216,Nepomuceno
539,Lief,Bielby,lbielbyey@studiopress.com,Male,201.29.133.102,Zubtsov
540,Kellen,Chew,kchewez@sun.com,Male,115.197.231.137,Porsgrunn
541,Chico,Lismore,clismoref0@flavors.me,Male,236.72.101.144,Canga’an
542,Dan,Baldetti,dbaldettif1@booking.com,Male,228.163.192.178,Pentecoste
543,Stormi,Schimke,sschimkef2@apple.com,Female,133.116.215.131,Yonghe
544,Letta,Meneyer,lmeneyerf3@loc.gov,Female,235.252.200.137,Atlanta
545,Adah,Larder,alarderf4@tamu.edu,Female,159.105.37.166,Arvayheer
546,Gerri,McQuade,gmcquadef5@nbcnews.com,Female,174.231.142.255,Yongfeng
547,Parke,Charteris,pcharterisf6@si.edu,Male,119.155.5.197,Belém
548,Chico,Hardwick,chardwickf7@whitehouse.gov,Male,178.184.136.159,Vihāri
549,Peder,Coakley,pcoakleyf8@walmart.com,Male,75.183.213.214,Libu
550,Chelsea,Verriour,cverriourf9@youku.com,Female,172.13.54.244,Nijmegen
551,Carina,Yurmanovev,cyurmanovevfa@indiatimes.com,Female,215.108.185.108,Longxing
552,Brittne,Hawkshaw,bhawkshawfb@weather.com,Female,240.172.194.75,Candelária
553,Candy,Dreakin,cdreakinfc@homestead.com,Female,227.18.178.94,Sadowie
554,Raynard,Sperring,rsperringfd@gravatar.com,Male,215.6.73.75,Huipinggeng
555,Angel,covino,acovinofe@w3.org,Male,40.147.52.189,Monkayo
556,Judy,Yesenev,jyesenevff@stanford.edu,Female,212.165.166.71,Baisha
557,Thibaut,Demsey,tdemseyfg@house.gov,Male,198.162.213.135,Moret-sur-Loing
558,Esmaria,Tidman,etidmanfh@i2i.jp,Female,171.223.200.20,Balungao
559,Michaela,Yandle,myandlefi@addthis.com,Female,12.228.203.169,Lebak
560,Lincoln,Conboy,lconboyfj@spotify.com,Male,98.158.65.159,Baloc
561,Bartram,Agass,bagassfk@virginia.edu,Male,133.228.196.6,Siyabuswa
562,Guendolen,Iacovino,giacovinofl@ucla.edu,Female,117.187.61.27,Jäppilä
563,Glenda,Shenley,gshenleyfm@symantec.com,Female,45.84.218.12,Ayapa
564,Dedra,Kempe,dkempefn@stanford.edu,Female,61.28.17.151,Anáfi
565,Paten,Selborne,pselbornefo@cdbaby.com,Male,241.233.43.80,Zhoujiang
566,Mill,Tanguy,mtanguyfp@purevolume.com,Male,58.222.13.8,Kveda Chkhorots’q’u
567,Jonathan,Abbess,jabbessfq@wikipedia.org,Male,207.157.61.135,Xufu
568,Lester,Dyton,ldytonfr@sakura.ne.jp,Male,25.190.165.42,Strum
569,Hynda,Dahlback,hdahlbackfs@cisco.com,Female,29.174.159.83,Serikbuya
570,Willi,Crannach,wcrannachft@economist.com,Male,255.178.90.25,Honglai
571,Hinda,Reinisch,hreinischfu@usatoday.com,Female,172.106.76.24,Hanban
572,Margareta,Strainge,mstraingefv@who.int,Female,81.42.6.41,Xinmin
573,Modestine,Rayer,mrayerfw@4shared.com,Female,51.233.150.198,Ōnojō
574,Maurizia,Costen,mcostenfx@npr.org,Female,124.38.157.213,Qiaoxi
575,Crosby,Rosenfelt,crosenfeltfy@cbc.ca,Male,131.228.177.2,Guocun
576,Willie,von Grollmann,wvongrollmannfz@soup.io,Male,114.174.141.92,Renshan
577,Laurice,Pople,lpopleg0@dell.com,Female,222.216.151.202,Kárystos
578,Colan,Cluet,ccluetg1@illinois.edu,Male,232.197.104.164,Danxi
579,Bertina,Buist,bbuistg2@hao123.com,Female,101.120.144.17,Moholm
580,Alli,Creedland,acreedlandg3@addtoany.com,Female,113.198.82.211,Hengdian
581,Engelbert,Fahy,efahyg4@washington.edu,Male,252.149.12.53,Mogadishu
582,Arch,Wightman,awightmang5@flickr.com,Male,204.102.242.200,Ōnojō
583,Allyn,Towl,atowlg6@nifty.com,Female,112.182.152.104,Taman
584,Valenka,Thirwell,vthirwellg7@php.net,Female,222.57.96.182,Paccho
585,Kelsi,Roaf,kroafg8@exblog.jp,Female,217.180.35.187,Staraya Derevnya
586,Elspeth,Kleinzweig,ekleinzweigg9@blogs.com,Female,51.231.174.227,Šabac
587,Roderick,Burgis,rburgisga@economist.com,Male,169.206.107.141,Zhaocun
588,Keven,Grinham,kgrinhamgb@live.com,Male,184.42.234.252,São Luís do Quitunde
589,Jere,Ganley,jganleygc@clickbank.net,Female,100.27.190.169,Paris 12
590,Larry,Sircombe,lsircombegd@ebay.com,Male,150.37.68.183,Tankhoy
591,Jacques,O'Nion,jonionge@blogger.com,Male,234.120.143.200,Cisarap
592,Herbert,Sugg,hsugggf@webeden.co.uk,Male,46.37.80.254,Pathum Thani
593,Nettle,Sinncock,nsinncockgg@google.fr,Female,42.179.9.230,Wilcza
594,Ogdan,Paffot,opaffotgh@newyorker.com,Male,205.176.99.178,Beiping
595,Emile,Rosellini,erosellinigi@dot.gov,Male,151.176.33.198,Kedrovoye
596,Lenee,Howsin,lhowsingj@umich.edu,Female,172.248.100.48,Walakeri
597,Nonie,Slaymaker,nslaymakergk@springer.com,Female,98.181.182.84,Wanshan
598,Wilhelmina,Muzzini,wmuzzinigl@wikispaces.com,Female,8.12.36.186,Sanli
599,Lesley,Gerok,lgerokgm@zimbio.com,Female,101.115.64.140,Sukadana Selatan
600,Aubrey,McIlhagga,amcilhaggagn@indiatimes.com,Male,229.14.50.108,Bella Vista
601,Cassey,Juanes,cjuanesgo@clickbank.net,Female,106.95.90.153,Kafr Dān
602,Leigh,Bernaert,lbernaertgp@usatoday.com,Male,105.155.224.80,Lianhe
603,Clarita,Nast,cnastgq@eventbrite.com,Female,139.23.86.235,Kibuku
604,Darin,Grigoire,dgrigoiregr@angelfire.com,Male,213.124.21.164,Qiaogu
605,Noemi,Tuttiett,ntuttiettgs@com.com,Female,159.35.228.155,Ticrapo
606,Garrik,Pauleau,gpauleaugt@noaa.gov,Male,250.227.164.122,Matur
607,Carlos,McComiskey,cmccomiskeygu@wufoo.com,Male,206.199.182.255,Srabah
608,Yves,Heynel,yheynelgv@archive.org,Male,111.49.213.91,Chenārān
609,Patric,Herculeson,pherculesongw@jigsy.com,Male,52.129.127.148,Hanover
610,Cam,Alesbrook,calesbrookgx@nifty.com,Female,215.17.75.5,Malata
611,Nydia,Edmenson,nedmensongy@addthis.com,Female,174.107.242.147,Santiago Puringla
612,Norina,Greening,ngreeninggz@usnews.com,Female,250.206.156.151,Chengqiao
613,Alexandros,Prettyman,aprettymanh0@ucoz.ru,Male,163.155.175.148,Partille
614,Neddie,Clothier,nclothierh1@skyrock.com,Male,12.187.208.71,Jaworzynka
615,Rudolfo,Silly,rsillyh2@techcrunch.com,Male,90.107.19.85,Donggu
616,Kerrie,Casemore,kcasemoreh3@webnode.com,Female,24.32.21.140,Pszczyna
617,Wylie,De Fries,wdefriesh4@japanpost.jp,Male,59.231.68.195,Xiaoya
618,Lea,Errington,lerringtonh5@bandcamp.com,Female,189.27.107.246,Santa Bárbara
619,Woodrow,Brechin,wbrechinh6@dailymail.co.uk,Male,32.114.250.59,Quintã
620,Stafani,Boggish,sboggishh7@ox.ac.uk,Female,215.78.129.133,Frederico Westphalen
621,Jakob,Varns,jvarnsh8@mtv.com,Male,118.237.174.240,Grabovci
622,Norma,Calley,ncalleyh9@wordpress.org,Female,122.86.158.187,Üydzen
623,Victoir,Yurenev,vyurenevha@cargocollective.com,Male,186.221.83.203,Miliangju
624,Cassey,Rockhall,crockhallhb@unc.edu,Female,253.82.56.213,Villejuif
625,Nilson,Kimberley,nkimberleyhc@chronoengine.com,Male,208.212.235.143,Videira
626,Gwendolin,Joselson,gjoselsonhd@e-recht24.de,Female,113.163.96.246,Liandu
627,Reggie,Bushaway,rbushawayhe@hp.com,Female,30.146.223.173,Carleton Place
628,Giorgia,Dundredge,gdundredgehf@skyrock.com,Female,129.47.61.234,Yachimata
629,Pietra,McAleese,pmcaleesehg@networksolutions.com,Female,253.156.232.35,Dushang
630,Ellynn,Peterken,epeterkenhh@nba.com,Female,93.195.212.10,Farah
631,Umberto,Schermick,uschermickhi@photobucket.com,Male,50.30.197.240,Penha
632,Mildrid,Osban,mosbanhj@cafepress.com,Female,240.193.200.11,Göteborg
633,Emera,Digges,ediggeshk@trellian.com,Female,179.229.224.134,Doba
634,Krissie,Nore,knorehl@vinaora.com,Female,93.46.120.15,Armenia
635,Jeannine,Phlippsen,jphlippsenhm@jigsy.com,Female,130.98.206.249,Zalishchyky
636,Wolf,Klasen,wklasenhn@kickstarter.com,Male,139.76.229.18,Dadong
637,Allistir,Rollingson,arollingsonho@privacy.gov.au,Male,240.170.27.137,Uglich
638,Suzann,Hugli,shuglihp@engadget.com,Female,251.197.224.18,Banjar Jambe Baleran
639,Nick,Lesek,nlesekhq@technorati.com,Male,121.71.188.99,Manggis
640,Adams,Denisevich,adenisevichhr@merriam-webster.com,Male,27.18.164.214,Portela
641,Bird,Meritt,bmeritths@sogou.com,Female,169.145.31.224,Eskilstuna
642,Erastus,Constanza,econstanzaht@dailymail.co.uk,Male,191.2.22.18,Mirów
643,Dinah,Jandourek,djandourekhu@dell.com,Female,185.55.93.91,Nawābganj
644,Edmund,Dales,edaleshv@skype.com,Male,222.225.157.7,Chepo
645,Justin,O'Donovan,jodonovanhw@wired.com,Male,123.133.125.30,Cambarus
646,Aeriela,Thumnel,athumnelhx@hao123.com,Female,95.252.91.103,Karlskrona
647,Abbie,Allett,aalletthy@accuweather.com,Female,14.20.177.82,Delgermörön
648,Ede,Margrem,emargremhz@nymag.com,Female,165.28.0.175,Kōriyama
649,Danette,Darcy,ddarcyi0@google.pl,Female,153.72.37.29,Velestíno
650,Betsey,Cracknell,bcracknelli1@shop-pro.jp,Female,20.164.159.91,Xiawuqi
651,Ciro,Caldicot,ccaldicoti2@yahoo.co.jp,Male,107.80.201.237,San Fernando
652,Devlen,Roast,droasti3@dell.com,Male,235.150.61.149,Kadupinang
653,Brandy,Conichie,bconichiei4@nasa.gov,Female,203.83.101.38,Lobanovo
654,Kimmi,Kay,kkayi5@omniture.com,Female,163.22.224.33,Beiyang
655,Kincaid,Bitcheno,kbitchenoi6@msu.edu,Male,106.49.100.140,Dasha
656,Lolita,Castelletti,lcastellettii7@msu.edu,Female,155.187.86.132,Zbraslavice
657,Murray,MacDermott,mmacdermotti8@wordpress.org,Male,66.75.209.77,Issy-les-Moulineaux
658,Christie,Haggath,chaggathi9@cnn.com,Female,125.143.168.82,Emiliano Zapata
659,Cassey,Swidenbank,cswidenbankia@ed.gov,Female,18.161.103.17,Ialoveni
660,Rozanna,Sambiedge,rsambiedgeib@yolasite.com,Female,100.28.150.126,Mniszków
661,Alex,Ayce,aayceic@mail.ru,Female,50.148.243.117,Sankeng
662,Salvador,Daunter,sdaunterid@huffingtonpost.com,Male,155.85.251.25,El Rancho
663,Nobie,Winks,nwinksie@com.com,Male,145.149.180.102,Pytalovo
664,Carling,Von Brook,cvonbrookif@sakura.ne.jp,Male,65.56.113.95,Sambonggede
665,Lazaro,Buckby,lbuckbyig@intel.com,Male,32.18.52.116,Troitsk
666,Berta,Bleackly,bbleacklyih@ucsd.edu,Female,82.81.121.204,Kamuli
667,Amalee,Collocott,acollocottii@huffingtonpost.com,Female,236.46.250.172,Nikopol’
668,Penrod,Tures,pturesij@soundcloud.com,Male,164.134.78.50,Abejorral
669,Isa,Broxton,ibroxtonik@about.me,Male,134.239.78.183,Quesada
670,Bonny,Folbige,bfolbigeil@blogtalkradio.com,Female,32.89.37.71,Hagondange
671,Nerte,Dayly,ndaylyim@pcworld.com,Female,201.113.48.146,Zhenchuan
672,Linet,Shiliton,lshilitonin@apple.com,Female,247.231.7.187,Chuncheon
673,Misti,Lambell,mlambellio@youku.com,Female,15.158.200.213,Tokushima-shi
674,Gwendolin,McCart,gmccartip@jalbum.net,Female,193.247.161.2,Gaozhou
675,Alisander,Speenden,aspeendeniq@ucoz.ru,Male,218.221.155.185,Guaíra
676,Jaquith,Satterthwaite,jsatterthwaiteir@drupal.org,Female,168.194.11.131,Sydney
677,Lucie,Hadcock,lhadcockis@theguardian.com,Female,10.246.229.145,Rogoźnik
678,Phedra,Pampling,ppamplingit@lycos.com,Female,118.133.126.83,Zmiennica
679,Kenton,Toal,ktoaliu@noaa.gov,Male,0.119.148.90,Brzyska
680,Bess,Meryett,bmeryettiv@wufoo.com,Female,8.31.58.166,San Sebastián
681,Harman,Cowburn,hcowburniw@ihg.com,Male,174.234.145.42,Oebatu
682,Bobbye,Rawls,brawlsix@opensource.org,Female,102.84.74.13,Yongchang
683,Gasparo,Ecclesall,gecclesalliy@squidoo.com,Male,6.179.236.141,Kota Kinabalu
684,Deana,Glasscoe,dglasscoeiz@liveinternet.ru,Female,151.134.8.1,Khodasy
685,Rani,Colerick,rcolerickj0@edublogs.org,Female,144.255.200.232,Daleman
686,Federico,Rudinger,frudingerj1@shop-pro.jp,Male,167.171.79.229,Karlovy Vary
687,Cyrille,Durram,cdurramj2@google.com.hk,Male,240.153.151.125,Ungus-Ungus
688,Gunar,Belleny,gbellenyj3@acquirethisname.com,Male,118.67.115.247,Tianya
689,Arabel,Denzilow,adenzilowj4@ustream.tv,Female,125.5.21.155,Ar Rass
690,Curt,Carville,ccarvillej5@php.net,Male,192.183.241.240,Babiak
691,Marvin,Garshore,mgarshorej6@dagondesign.com,Male,5.46.243.48,Tetyushi
692,Jonathan,Headingham,jheadinghamj7@trellian.com,Male,96.155.36.19,Miaoya
693,Jerrilee,Saxton,jsaxtonj8@redcross.org,Female,252.82.35.114,Telnice
694,Viva,Robberts,vrobbertsj9@europa.eu,Female,32.114.65.39,Capatárida
695,Freeland,Stockow,fstockowja@cloudflare.com,Male,142.159.120.119,Armenia
696,Fancy,Hengoed,fhengoedjb@china.com.cn,Female,106.238.131.229,Malita
697,Dionysus,Gresser,dgresserjc@unc.edu,Male,42.213.225.123,Yingshouyingzi
698,Hebert,Madden,hmaddenjd@jalbum.net,Male,72.0.242.3,Cangyou
699,Humbert,Luigi,hluigije@businesswire.com,Male,223.153.207.254,Visby
700,Elladine,Corbally,ecorballyjf@accuweather.com,Female,212.172.188.111,Konin
701,Trumann,McFarlan,tmcfarlanjg@techcrunch.com,Male,146.216.187.232,Longyuanba
702,Dan,Sawbridge,dsawbridgejh@imgur.com,Male,161.225.204.98,Vikbolandet
703,Clerkclaude,Timoney,ctimoneyji@cnn.com,Male,239.141.113.85,Sancang
704,Marietta,Dench,mdenchjj@hao123.com,Female,43.34.14.200,Kalembutillu
705,Patty,Millimoe,pmillimoejk@netlog.com,Female,110.76.11.110,Opinogóra Górna
706,Jeth,Pettiward,jpettiwardjl@wix.com,Male,145.189.233.138,Koundara
707,Marlo,Hendrix,mhendrixjm@nature.com,Male,85.248.38.34,Canmore
708,Marnie,Hans,mhansjn@clickbank.net,Female,119.18.150.27,Vysoké nad Jizerou
709,Bunni,DeSousa,bdesousajo@weather.com,Female,196.30.125.245,Nanyuan
710,Frans,Kuhl,fkuhljp@nationalgeographic.com,Male,183.27.95.202,Chotepe
711,Cosetta,Edgecombe,cedgecombejq@apache.org,Female,93.178.1.6,Matozinhos
712,Crissy,Pinckard,cpinckardjr@typepad.com,Female,51.122.58.171,Varva
713,Ailene,Billison,abillisonjs@gmpg.org,Female,46.188.8.118,Si Khoraphum
714,Johna,Ellacott,jellacottjt@geocities.jp,Female,93.217.4.160,Suraż
715,Candide,Shepstone,cshepstoneju@godaddy.com,Female,176.125.2.196,Druya
716,Bibi,De Banke,bdebankejv@shareasale.com,Female,187.210.54.2,Mengdong
717,Delores,Haug,dhaugjw@blogspot.com,Female,135.172.151.9,Nanmuping
718,Kendricks,Duigenan,kduigenanjx@a8.net,Male,67.157.109.97,Wierzchucino
719,Bernie,Rattenberie,brattenberiejy@nature.com,Male,206.13.8.146,Cerro Corá
720,Abbe,Trevarthen,atrevarthenjz@tinyurl.com,Male,36.98.130.183,Nafada
721,Jae,Matyushonok,jmatyushonokk0@liveinternet.ru,Male,148.178.247.192,Bauru
722,Babs,Dixcey,bdixceyk1@china.com.cn,Female,11.254.57.89,Tripoli
723,Betta,Poxon,bpoxonk2@usatoday.com,Female,36.38.110.45,Thul
724,Mame,Byatt,mbyattk3@gnu.org,Female,136.36.64.168,Raymond
725,Jennilee,Strasse,jstrassek4@stumbleupon.com,Female,61.54.155.35,Huangge
726,Sutton,Jelk,sjelkk5@loc.gov,Male,124.77.233.209,Sanguinheira
727,Vannie,Landrick,vlandrickk6@mysql.com,Female,116.17.184.83,Duncan
728,Phyllida,Kryszka,pkryszkak7@biglobe.ne.jp,Female,3.57.243.238,Orsk
729,Burt,Saffill,bsaffillk8@people.com.cn,Male,38.90.2.145,Proletar
730,Nelson,Crudginton,ncrudgintonk9@ihg.com,Male,28.6.220.124,Macapá
731,Thomasin,Robilart,trobilartka@bigcartel.com,Female,116.161.191.180,Radès
732,Lari,Tomovic,ltomovickb@ameblo.jp,Female,149.18.135.245,Fonte da Aldeia
733,Rica,Stable,rstablekc@washington.edu,Female,52.167.232.219,Osasco
734,Colver,Munnis,cmunniskd@examiner.com,Male,60.170.74.208,Tegalrejo
735,Jerald,Beesley,jbeesleyke@imageshack.us,Male,9.58.165.147,Parachinar
736,Reyna,Cawtheray,rcawtheraykf@gmpg.org,Female,8.6.199.172,Máncora
737,Buiron,Vlasenko,bvlasenkokg@omniture.com,Male,187.175.237.115,Stamáta
738,Jennine,Chartman,jchartmankh@miitbeian.gov.cn,Female,106.164.32.156,El Retén
739,Dallis,Aldus,dalduski@vkontakte.ru,Male,194.28.134.174,Bayan Ewenke Minzu
740,Carlotta,McIlvaney,cmcilvaneykj@wisc.edu,Female,37.223.138.254,Batou
741,Tanya,Raye,trayekk@wikispaces.com,Female,125.226.67.218,Paraíso de Chabasquén
742,Idelle,Jupp,ijuppkl@squarespace.com,Female,169.118.168.39,Wongaya Kaja
743,Andeee,Stocking,astockingkm@unicef.org,Female,49.186.55.223,Huesca
744,Ivie,Jewise,ijewisekn@clickbank.net,Female,170.238.221.161,Sanjiang
745,Prentiss,Lackington,plackingtonko@clickbank.net,Male,86.188.203.147,San Antonio Suchitepéquez
746,Nikki,Hagerty,nhagertykp@webs.com,Male,73.192.89.91,Labrador City
747,Dannie,Gowling,dgowlingkq@state.gov,Male,114.109.228.220,Yuqi
748,Francene,Burnes,fburneskr@reverbnation.com,Female,10.144.224.107,Sumbersarikrajan
749,Troy,Fawley,tfawleyks@reddit.com,Male,110.174.234.169,Riebiņi
750,Randi,Surr,rsurrkt@icio.us,Female,90.254.168.46,Dongjingcheng
751,Skipper,Naisbit,snaisbitku@tuttocitta.it,Male,254.42.37.151,Washington
752,Prince,Halso,phalsokv@taobao.com,Male,172.85.215.11,Bratislava
753,Dov,Apthorpe,dapthorpekw@360.cn,Male,86.145.16.48,Breda
754,Tilda,Milner,tmilnerkx@homestead.com,Female,232.172.79.64,Kandi
755,Siegfried,Stewartson,sstewartsonky@studiopress.com,Male,199.139.87.87,Baykonyr
756,Ulick,Keddie,ukeddiekz@acquirethisname.com,Male,38.29.216.94,Bakaran Kulon
757,Portie,Fydoe,pfydoel0@cyberchimps.com,Male,212.247.17.180,El Zapotal del Norte
758,Matty,Souness,msounessl1@xinhuanet.com,Female,154.75.46.78,Yinhedahan’er
759,Mei,Hamel,mhamell2@uol.com.br,Female,136.70.25.250,Gebang
760,Kenton,Kegg,kkeggl3@loc.gov,Male,34.119.109.174,Lajeosa do Mondego
761,Tabbie,Wyatt,twyattl4@ted.com,Male,66.33.178.239,Niandui
762,Woody,Rooms,wroomsl5@e-recht24.de,Male,174.120.186.165,Idi Rayeuk
763,Erina,Bocock,ebocockl6@wunderground.com,Female,72.46.13.228,Sertânia
764,Bronnie,Lutz,blutzl7@deliciousdays.com,Male,207.47.116.110,Vologda
765,Alix,Dohmer,adohmerl8@salon.com,Male,112.196.62.145,Yamkino
766,Eberto,Rumin,eruminl9@scientificamerican.com,Male,77.152.26.28,Mambusao
767,Ambrosio,Burley,aburleyla@newyorker.com,Male,145.253.91.248,Oxford
768,Skippy,Odell,sodelllb@goo.gl,Male,209.219.142.176,Émponas
769,Killian,Tillyer,ktillyerlc@globo.com,Male,121.160.19.4,Veisiejai
770,Walsh,Doni,wdonild@epa.gov,Male,40.50.190.83,Nacaome
771,Roseline,Dotterill,rdotterillle@msn.com,Female,2.217.106.36,Cergy-Pontoise
772,Ariel,MacMarcuis,amacmarcuislf@over-blog.com,Female,189.61.217.236,Winschoten
773,Sherri,Runacres,srunacreslg@mail.ru,Female,115.28.145.171,San Gil
774,Belita,Gorringe,bgorringelh@sitemeter.com,Female,181.30.198.208,Łazy
775,Britt,Kitteman,bkittemanli@pcworld.com,Female,197.242.248.249,Bieligutai
776,Adaline,Mahony,amahonylj@phoca.cz,Female,228.59.155.105,Elliot
777,Simeon,Diloway,sdilowaylk@mozilla.com,Male,93.224.165.226,Changliang
778,Nealon,Dysert,ndysertll@hexun.com,Male,98.200.54.199,Sayansk
779,Eduardo,Hartman,ehartmanlm@fc2.com,Male,32.242.191.7,Krajan Alasdowo
780,Merline,Augustine,maugustineln@geocities.jp,Female,192.69.30.58,Dal’neye Konstantinovo
781,Samara,Spall,sspalllo@yahoo.com,Female,188.21.28.134,Birowo
782,Irita,Sherratt,isherrattlp@domainmarket.com,Female,163.228.164.142,Invercargill
783,Devonna,McCaighey,dmccaigheylq@opera.com,Female,108.111.101.139,Pervoural’sk
784,Ripley,McGowran,rmcgowranlr@scribd.com,Male,169.102.239.203,Triwil
785,Dom,Hailwood,dhailwoodls@ocn.ne.jp,Male,76.22.244.122,Impalutao
786,Don,Sacco,dsaccolt@opera.com,Male,255.132.91.112,Kidal
787,Tammy,Lidierth,tlidierthlu@bloomberg.com,Female,2.56.12.56,Athy
788,Quill,Dewey,qdeweylv@theglobeandmail.com,Male,143.173.241.90,Metsamor
789,Jannelle,Chuck,jchucklw@unblog.fr,Female,61.76.224.200,Chateaubelair
790,Tomasine,Dennick,tdennicklx@webnode.com,Female,45.193.231.163,Phủ Thông
791,Mayne,Brusle,mbruslely@phpbb.com,Male,74.15.161.78,Kunheda Woerzu Manzu
792,Cart,Escot,cescotlz@deviantart.com,Male,90.112.220.226,Jarinu
793,Emerson,Southgate,esouthgatem0@si.edu,Male,222.161.148.46,Perbaungan
794,Gino,Delepine,gdelepinem1@parallels.com,Male,53.24.113.23,Rizári
795,Perrine,Beranek,pberanekm2@vk.com,Female,50.227.71.150,Yiánnouli
796,Alfonso,Jados,ajadosm3@mozilla.org,Male,90.161.249.121,Merritt
797,Hali,Dragonette,hdragonettem4@slideshare.net,Female,37.234.6.140,Thị Trấn Cao Phong
798,Bebe,Mellhuish,bmellhuishm5@psu.edu,Female,158.100.207.244,Matagami
799,Constantia,Tomaskunas,ctomaskunasm6@friendfeed.com,Female,181.178.161.190,Elias Fausto
800,Ashley,Wollard,awollardm7@sciencedirect.com,Female,41.71.196.161,Carreira
801,Aime,Bruckman,abruckmanm8@naver.com,Female,163.55.76.124,Baqiao
802,Temp,McMearty,tmcmeartym9@lycos.com,Male,129.128.17.101,Porsgrunn
803,Belita,Kynge,bkyngema@nih.gov,Female,229.198.160.116,Batiano
804,Irma,Gillford,igillfordmb@fotki.com,Female,188.3.135.88,Yangxi
805,Mariejeanne,Mound,mmoundmc@soup.io,Female,116.154.104.117,Tissa
806,Shannah,Daudray,sdaudraymd@cyberchimps.com,Female,219.175.89.132,Tagdanua
807,Wolfy,Degli Antoni,wdegliantonime@unc.edu,Male,216.94.147.51,Diourbel
808,Kev,Bagniuk,kbagniukmf@xrea.com,Male,25.239.125.7,Itaqui
809,Tobi,Doyland,tdoylandmg@friendfeed.com,Female,61.110.75.68,Limeil-Brévannes
810,Daniela,Crosskell,dcrosskellmh@taobao.com,Female,54.162.5.201,Punkaharju
811,Hayden,Quade,hquademi@ucoz.com,Male,251.117.159.22,Heishan
812,Jodee,Kitteman,jkittemanmj@smugmug.com,Female,62.246.68.102,Maslovare
813,Corina,Lockart,clockartmk@yale.edu,Female,108.130.175.118,Hongtang
814,Delcina,MacAnelley,dmacanelleyml@nasa.gov,Female,74.150.111.239,Chumpi
815,Yuma,Tattershall,ytattershallmm@spiegel.de,Male,115.219.51.8,Paris 17
816,Jonathon,Ipplett,jipplettmn@spotify.com,Male,241.8.118.20,Privlaka
817,Aura,MacMychem,amacmychemmo@newsvine.com,Female,101.109.194.210,Osias
818,Pierre,Wortman,pwortmanmp@theguardian.com,Male,227.237.236.201,Město
819,Lowe,Scini,lscinimq@newsvine.com,Male,200.13.153.137,Langchi
820,Giustina,Huckabe,ghuckabemr@angelfire.com,Female,34.86.8.191,Uherský Ostroh
821,Nannie,Harrismith,nharrismithms@naver.com,Female,8.50.169.30,Bayside
822,Denny,Bowry,dbowrymt@mozilla.com,Male,247.206.123.29,Krajanjugosari
823,Carney,Maunders,cmaundersmu@tripod.com,Male,177.87.58.168,Segong
824,Fonsie,de Marco,fdemarcomv@moonfruit.com,Male,209.3.117.173,Sariwŏn
825,Zelig,Sparrowhawk,zsparrowhawkmw@vimeo.com,Male,108.125.27.193,Kolochava
826,Irvine,Mill,imillmx@yahoo.co.jp,Male,194.198.63.176,Huangni
827,Gracie,Dorsett,gdorsettmy@unesco.org,Female,227.246.209.86,Castanhal
828,Pen,Lundy,plundymz@yandex.ru,Male,97.98.168.26,Richky
829,Arni,Ducarel,aducareln0@yolasite.com,Male,202.231.146.117,Tatarsk
830,Carrie,Goding,cgodingn1@businessweek.com,Female,248.231.113.207,Banjarejo
831,Sonya,Clifft,sclifftn2@businesswire.com,Female,139.46.233.62,Saynshand
832,Chilton,Josland,cjoslandn3@skyrock.com,Male,14.117.107.33,Prokhladnyy
833,Melly,Furphy,mfurphyn4@irs.gov,Female,213.13.119.195,Sinfra
834,Nial,Garcia,ngarcian5@indiegogo.com,Male,88.1.195.231,Mauhao
835,Nerta,Patrick,npatrickn6@deliciousdays.com,Female,10.180.177.120,Lom Kao
836,Kissee,Busby,kbusbyn7@fastcompany.com,Female,59.201.190.0,Malhiao
837,Ellene,Rosenstein,erosensteinn8@geocities.com,Female,134.211.107.212,Baumata
838,Jessamine,St. Paul,jstpauln9@blogspot.com,Female,62.149.106.75,Manadas
839,Constantino,Truin,ctruinna@homestead.com,Male,155.91.86.224,San Javier
840,Anitra,Kopf,akopfnb@prlog.org,Female,6.15.186.20,San Agustin
841,Sigismund,Barnish,sbarnishnc@twitter.com,Male,170.148.96.127,Izingolweni
842,Giustina,Dumblton,gdumbltonnd@opensource.org,Female,213.95.197.156,Honglong
843,Amye,Siely,asielyne@imdb.com,Female,184.41.70.19,Tvøroyri
844,Chaim,Miche,cmichenf@amazon.co.jp,Male,194.178.94.159,Shicha
845,Chev,Polson,cpolsonng@shop-pro.jp,Male,240.72.39.247,Wojaszówka
846,Sherwin,Marriage,smarriagenh@devhub.com,Male,193.127.164.248,Weishan
847,Babara,Konke,bkonkeni@slate.com,Female,9.101.60.54,Thành Phố Lạng Sơn
848,Ethelind,Gloster,eglosternj@webmd.com,Female,248.208.128.128,Staromyshastovskaya
849,Betteann,Tsarovic,btsarovicnk@cnbc.com,Female,102.184.254.222,Pukou
850,Montague,Devoy,mdevoynl@cloudflare.com,Male,252.207.148.230,Topolná
851,Sibelle,Godfray,sgodfraynm@google.com.au,Female,178.39.99.237,Hato Mayor del Rey
852,Flinn,Daspar,fdasparnn@photobucket.com,Male,92.27.245.127,Camiling
853,Dalis,Caves,dcavesno@businessweek.com,Male,94.250.241.87,Umm as Summāq
854,Christin,Worters,cwortersnp@lulu.com,Female,241.196.206.241,Erping
855,Gayel,Goodluck,ggoodlucknq@epa.gov,Female,1.22.117.81,Boulder
856,Lilli,Skinner,lskinnernr@cnet.com,Female,244.134.85.29,Zhongfang
857,Norrie,Emmanuele,nemmanuelens@drupal.org,Male,31.115.252.67,Shucheng Chengguanzhen
858,Stanislaw,McClenan,smcclenannt@theguardian.com,Male,32.61.125.245,Poshnje
859,Leilah,St. Leger,lstlegernu@ezinearticles.com,Female,149.25.26.223,Pôrto Barra do Ivinheima
860,Ingemar,Gierok,igieroknv@apache.org,Male,240.195.205.208,Avaré
861,Winnah,Sprowell,wsprowellnw@wikimedia.org,Female,109.41.167.45,Hägersten
862,Kim,Boldry,kboldrynx@fc2.com,Male,189.25.153.211,Umm Şalāl ‘Alī
863,Katrina,Hexam,khexamny@nbcnews.com,Female,34.6.42.148,Bonneuil-sur-Marne
864,Tucky,Tiley,ttileynz@cam.ac.uk,Male,78.39.156.244,Iowa City
865,Lanette,Trainor,ltrainoro0@gmpg.org,Female,220.45.69.117,Santa Catalina
866,Marcia,Custy,mcustyo1@vkontakte.ru,Female,113.87.78.219,Sungai
867,Obadiah,Delahunt,odelahunto2@naver.com,Male,46.121.247.134,Isiro
868,Denny,Avrahamy,davrahamyo3@google.nl,Male,41.8.123.31,Melres
869,Casey,Di Claudio,cdiclaudioo4@hc360.com,Male,155.101.251.95,Fengcheng
870,Jessie,Willimot,jwillimoto5@google.it,Male,215.123.115.134,Guankou
871,Hanni,MacInherney,hmacinherneyo6@yolasite.com,Female,190.148.145.104,Solna
872,Titos,Poppy,tpoppyo7@trellian.com,Male,73.214.200.220,Thaba Nchu
873,Mariann,Matyugin,mmatyugino8@so-net.ne.jp,Female,47.135.43.114,Duyanggang
874,Kimble,Kneebone,kkneeboneo9@techcrunch.com,Male,53.1.246.86,Géfyra
875,Raynell,Tollerfield,rtollerfieldoa@ning.com,Female,236.216.146.71,Mombasa
876,Annie,Woolford,awoolfordob@yellowbook.com,Female,213.48.2.195,San José de Feliciano
877,Ryun,Shearwood,rshearwoodoc@nifty.com,Male,176.109.232.157,Trinidad
878,Martynne,Valerio,mvaleriood@biblegateway.com,Female,213.92.103.233,Calle Blancos
879,Sherman,Vaulkhard,svaulkhardoe@is.gd,Male,18.111.45.167,Jatipamor
880,Regina,Pemble,rpembleof@state.gov,Female,110.141.126.66,El Limon
881,Aggi,Wase,awaseog@java.com,Female,225.252.144.190,Saint-Laurent-du-Var
882,Yorke,Hurran,yhurranoh@flickr.com,Male,153.15.188.46,Klokot
883,Miller,Kegley,mkegleyoi@xrea.com,Male,148.159.223.17,Chengzi
884,Carlos,Kerrich,ckerrichoj@trellian.com,Male,22.107.234.61,Pacho
885,Lezley,Langshaw,llangshawok@va.gov,Male,88.27.130.178,Trubchevsk
886,Dewain,Goulborn,dgoulbornol@whitehouse.gov,Male,253.192.28.168,Banyuurip
887,Jorgan,Kielt,jkieltom@java.com,Male,41.109.237.62,Namayingo
888,Robinetta,Normabell,rnormabellon@seattletimes.com,Female,50.139.21.226,Zhentian
889,Webster,Leppington,wleppingtonoo@people.com.cn,Male,156.2.248.20,Abejorral
890,Ruby,Farnworth,rfarnworthop@printfriendly.com,Male,243.136.26.131,Jibiya
891,Rozele,Moncarr,rmoncarroq@mayoclinic.com,Female,184.84.91.86,Puro
892,Lorine,Warrillow,lwarrillowor@geocities.jp,Female,28.247.227.190,Rosario de Mora
893,Minta,Counihan,mcounihanos@rambler.ru,Female,189.84.194.204,Pingdingshan
894,Janel,Atkirk,jatkirkot@tinyurl.com,Female,90.253.191.9,Pojok
895,Adelice,Huckerbe,ahuckerbeou@go.com,Female,28.88.58.224,Lisui
896,Wendy,Meynell,wmeynellov@joomla.org,Female,239.174.47.190,Bacacay
897,Iain,Husk,ihuskow@cloudflare.com,Male,238.216.119.34,Nynäshamn
898,Antonia,Tarbet,atarbetox@pbs.org,Female,9.147.222.67,Conchucos
899,Cooper,Cloney,ccloneyoy@shutterfly.com,Male,46.231.126.147,Gangjia
900,Lizzy,Spittles,lspittlesoz@deviantart.com,Female,121.26.88.99,Aleshtar
901,Bryana,Champ,bchampp0@sitemeter.com,Female,67.3.190.175,Cañas
902,Georgi,Bleas,gbleasp1@joomla.org,Male,180.237.183.73,Corona
903,Fonsie,Bonehill,fbonehillp2@prnewswire.com,Male,127.18.219.128,Aparecida de Goiânia
904,Phil,Tsarovic,ptsarovicp3@mayoclinic.com,Male,22.118.239.142,Montbrison
905,Delores,Fenwick,dfenwickp4@economist.com,Female,92.122.47.32,Willowdale
906,Clarisse,Tilmouth,ctilmouthp5@jimdo.com,Female,36.142.119.155,Santo Domingo
907,Abbott,Caustic,acausticp6@tripod.com,Male,66.216.37.43,San Antonio
908,Martyn,Basil,mbasilp7@altervista.org,Male,153.207.122.182,Qulaybīyah
909,Orly,Feirn,ofeirnp8@aol.com,Female,195.14.219.176,La Unión
910,Gabriell,Winsborrow,gwinsborrowp9@theguardian.com,Female,219.46.54.149,Zhulebino
911,Noreen,Glidder,nglidderpa@oracle.com,Female,156.6.62.215,Bestovje
912,Dorelle,Thwaites,dthwaitespb@ning.com,Female,213.221.81.3,Lākshām
913,Ted,Tatersale,ttatersalepc@cam.ac.uk,Female,74.37.252.220,Mangai
914,Delinda,Kiebes,dkiebespd@blog.com,Female,141.78.98.191,Agdangan
915,Desirae,Clemmey,dclemmeype@linkedin.com,Female,169.207.99.224,Öndörhoshuu
916,Carly,Suston,csustonpf@blogger.com,Female,203.229.183.134,Gia Nghĩa
917,Fleming,Colls,fcollspg@prlog.org,Male,164.205.149.251,Pallisa
918,Terrijo,Hemeret,themeretph@issuu.com,Female,229.138.7.102,Ueda
919,Kane,Betser,kbetserpi@usatoday.com,Male,64.78.140.248,Shyroke
920,Abner,Dalligan,adalliganpj@guardian.co.uk,Male,51.81.70.32,Tirat Karmel
921,Jolie,Brightie,jbrightiepk@desdev.cn,Female,1.191.102.176,Bodega
922,Hastings,Lockett,hlockettpl@wsj.com,Male,45.253.12.252,Bořetice
923,Duffie,Andreou,dandreoupm@wsj.com,Male,215.156.77.91,Xiangdong
924,Darryl,Bletsor,dbletsorpn@weather.com,Female,163.74.93.186,Chandler
925,Loise,Shortt,lshorttpo@joomla.org,Female,80.184.52.165,Iitti
926,Gian,Di Biagi,gdibiagipp@baidu.com,Male,151.228.234.104,Centralniy
927,Dallas,Rowantree,drowantreepq@chicagotribune.com,Male,139.124.28.107,Tsagaanders
928,Trevar,Monnoyer,tmonnoyerpr@ucla.edu,Male,78.124.237.246,Vũ Quang
929,Lorilyn,Panner,lpannerps@phoca.cz,Female,208.191.191.56,Wenwucao
930,Felipa,McKaile,fmckailept@webs.com,Female,180.173.193.151,Maciejowice
931,Tiffanie,Ravel,travelpu@webmd.com,Female,253.132.174.99,Kamen
932,Leroy,Moizer,lmoizerpv@dagondesign.com,Male,46.118.7.28,Rosh Pinna
933,Addy,Bleesing,ableesingpw@uiuc.edu,Female,163.93.53.132,Lahad Datu
934,Dewie,Howton,dhowtonpx@yahoo.co.jp,Male,148.153.244.46,Qingyun
935,Dianne,Esposita,despositapy@tuttocitta.it,Female,185.95.191.231,Timiryazevskoye
936,Verney,Legging,vleggingpz@alexa.com,Male,218.122.32.215,Lampitak
937,Kaitlyn,Inge,kingeq0@w3.org,Female,108.54.75.241,Pashiya
938,Erwin,Hobson,ehobsonq1@simplemachines.org,Male,103.109.115.90,Kimméria
939,Aarika,Eeles,aeelesq2@example.com,Female,15.196.17.238,Dawuhanmangli
940,Aurora,Stockdale,astockdaleq3@blogger.com,Female,176.117.120.141,Banzão
941,Catherina,Toner,ctonerq4@clickbank.net,Female,44.181.238.45,Nguigmi
942,Claiborne,Yanyushkin,cyanyushkinq5@mozilla.com,Male,129.14.187.176,Sozopol
943,Kass,O' Concannon,koconcannonq6@pen.io,Female,69.201.225.40,Arīḩā
944,Carolina,Daddow,cdaddowq7@flickr.com,Female,11.173.186.246,Quilmaná
945,Aaron,Antonsen,aantonsenq8@whitehouse.gov,Male,0.192.253.81,Białobrzegi
946,Paton,Cahalin,pcahalinq9@moonfruit.com,Male,163.204.186.228,Sankera
947,Angie,Spyby,aspybyqa@twitpic.com,Female,148.42.190.129,Baku
948,Karlan,Woolgar,kwoolgarqb@examiner.com,Male,141.226.155.201,Birinci Aşıqlı
949,Walsh,Pranger,wprangerqc@ca.gov,Male,83.61.226.154,Sulkava
950,Jacqueline,Yglesia,jyglesiaqd@devhub.com,Female,157.218.152.72,Älvsbyn
951,Parnell,Kinloch,pkinlochqe@reference.com,Male,60.122.1.119,Rožďalovice
952,Shena,Townshend,stownshendqf@livejournal.com,Female,53.15.203.106,Yong’an
953,Kelli,Nunn,knunnqg@yellowbook.com,Female,6.243.78.148,St. Catharines
954,Minda,Treves,mtrevesqh@cyberchimps.com,Female,179.198.30.20,Kurzętnik
955,Perren,Riglar,priglarqi@princeton.edu,Male,179.9.112.226,Cikou
956,Shurlock,Rubanenko,srubanenkoqj@narod.ru,Male,124.177.68.255,Jishi
957,Karlik,Anan,kananqk@bigcartel.com,Male,211.80.3.156,Shiqian
958,Mayne,Wall,mwallql@who.int,Male,92.159.108.202,Mulandoro
959,Catherin,Winger,cwingerqm@infoseek.co.jp,Female,81.207.80.151,Huangduobu
960,Sioux,Smillie,ssmillieqn@so-net.ne.jp,Female,106.42.217.238,Nomhon
961,Tobin,Grice,tgriceqo@elegantthemes.com,Male,119.60.73.193,Lokoja
962,Hercules,Curneen,hcurneenqp@hostgator.com,Male,61.81.42.7,Richmond
963,Darcie,Hubeaux,dhubeauxqq@twitpic.com,Female,252.254.215.180,Loureiro
964,Ellyn,Zwicker,ezwickerqr@ucla.edu,Female,34.181.10.155,Toguchin
965,Davide,Marrow,dmarrowqs@e-recht24.de,Male,207.35.57.112,Vermil
966,Finley,Riolfi,friolfiqt@macromedia.com,Male,114.211.141.200,Vällingby
967,Rosemonde,Ilyukhov,rilyukhovqu@jigsy.com,Female,32.4.241.83,Namangan Shahri
968,Marten,McKall,mmckallqv@odnoklassniki.ru,Male,28.86.37.196,San Esteban
969,Crista,Portinari,cportinariqw@parallels.com,Female,84.136.203.101,Sepanjang
970,Torrence,Havoc,thavocqx@japanpost.jp,Male,142.112.110.51,Chejiazhuang
971,Rici,Jocic,rjocicqy@odnoklassniki.ru,Female,146.91.187.253,Dřevohostice
972,Tad,O'Loughnan,toloughnanqz@bloglines.com,Male,137.55.77.161,Karanglincak
973,Danyelle,Aslet,dasletr0@t.co,Female,220.234.69.142,Gjinoc
974,Wallas,Sabberton,wsabbertonr1@cocolog-nifty.com,Male,242.214.215.62,Suqu
975,Genevra,Berkery,gberkeryr2@last.fm,Female,108.162.138.106,Oum Hadjer
976,Roarke,Berthe,rberther3@omniture.com,Male,208.101.213.119,Mae Fa Luang
977,Ryan,Searson,rsearsonr4@rambler.ru,Male,67.91.243.143,Pyatigorsk
978,Kerri,Polson,kpolsonr5@chron.com,Female,10.16.140.78,Öldziyt
979,Allister,Grigorini,agrigorinir6@bloglines.com,Male,178.196.171.156,Pato Branco
980,Terese,Thoumasson,tthoumassonr7@bloglines.com,Female,1.187.193.193,Nōgata
981,Franklyn,Ickovitz,fickovitzr8@oakley.com,Male,190.129.63.145,Conceição das Alagoas
982,Byrom,Trye,btryer9@parallels.com,Male,253.197.119.102,Almada
983,Hamlin,Shearston,hshearstonra@clickbank.net,Male,209.133.239.108,Potosí
984,Patrizia,Drew-Clifton,pdrewcliftonrb@nsw.gov.au,Female,109.103.70.24,Guariba
985,Thane,Kindell,tkindellrc@amazonaws.com,Male,71.199.121.133,Mengcheng Chengguanzhen
986,Basile,Speerman,bspeermanrd@blogger.com,Male,163.71.220.229,Tiecun
987,Jamison,Line,jlinere@pinterest.com,Male,100.52.196.187,Oklahoma City
988,Ev,Tremathack,etremathackrf@github.io,Male,121.180.48.101,Xinzha
989,Care,Gladdis,cgladdisrg@hp.com,Male,121.8.176.32,Leles
990,Gerrie,Nilles,gnillesrh@usgs.gov,Female,157.132.4.185,Sherwood Park
991,Bat,Tomczynski,btomczynskiri@toplist.cz,Male,138.39.70.190,‘Arīqah
992,Bernelle,Sheavills,bsheavillsrj@biblegateway.com,Female,149.217.194.24,Thanatpin
993,Alvera,Marvelley,amarvelleyrk@miibeian.gov.cn,Female,8.87.243.103,Kleszczewo
994,Lothaire,Luxford,lluxfordrl@redcross.org,Male,65.32.26.102,Si Racha
995,Glynn,Wakerley,gwakerleyrm@disqus.com,Male,10.67.24.104,Rennes
996,Parrnell,Jeff,pjeffrn@4shared.com,Male,159.55.55.39,Dengok
997,Pat,Warstall,pwarstallro@dropbox.com,Male,169.200.7.131,Rosário do Sul
998,Willyt,Vannuccini,wvannuccinirp@tuttocitta.it,Female,156.149.18.155,Xiaopingba
999,Gaelan,Petrashkov,gpetrashkovrq@hostgator.com,Male,219.109.169.75,Bethlehem
1000,Stirling,Francesc,sfrancescrr@cyberchimps.com,Male,108.193.9.206,Potok Złoty
